ranking,club name ,country,point score,1 year change
88,1. FC Köln,Germany,1633,105
74,1. FC Union Berlin,Germany,1655,5
780,12 de Octubre de Itaugua,Paraguay,1377,70
268,1º de Agosto,Angola,1513,13
2525,1º de Maio,Angola,1218,22
1188,2 de Mayo,Paraguay,1326,7
1215,3 de Febrero,Paraguay,1324,9
626,AaB,Denmark,1407,142
2388,Aalesund,Norway,1231,80
1871,Aarau,Switzerland,1266,12
733,Aberdeen,Scotland,1387,282
1744,Aberystwyth,Wales,1275,183
1327,Abha Club,Saudi Arabia,1311,1
944,Abia Warriors,Nigeria,1353,164
2011,ABM Galaxy FC,Vanuatu,1255,7
1539,Aboomoslem,Iran,1292,29
2004,AC Horsens,Denmark,1255,20
2124,AC Kuya Sport,Congo DR,1249,28
2705,AC LALA FC,Venezuela,1180,280
2261,AC Mamahira,Mali,1241,38
11,AC Milan,Italy,1850,21
1747,AC Oulu,Finland,1275,241
2327,AC Rangers,Denmark,1235,14
1861,Academia Cantolao,Peru,1266,206
1181,Academia F. Amadou Diallo,Ivory Coast,1327,364
1701,Academia Puerto Cabello,Venezuela,1280,41
2633,Academia Quintana,Puerto Rico,1201,13
1238,Académica,Portugal,1322,1
1768,Académica do Soyo,Angola,1272,2
2089,Académica Lobito,Angola,1250,337
1552,Accra Great Olympics,Ghana,1291,199
2197,Accra Lions FC,Ghana,1244,101
2227,ACS FC Academica Clinceni,Romania,1243,1025
1773,ACS Poli Timişoara,Romania,1272,1
1084,AD Grecia FC,Costa Rica,1337,193
1581,AD Guanacasteca,Costa Rica,1289,142
2537,AD Municipal Liberia,Costa Rica,1217,19
1584,AD Unión Magdalena,Colombia,1288,327
2534,Adamawa United,Nigeria,1217,189
453,Adana Demirspor,Turkey,1445,502
453,Adana Demirspor,Turkey,1445,502
1577,Adanaspor,Turkey,1289,24
1036,Adelaide United,Australia,1342,87
1837,Admira Wacker Mödling,Austria,1268,505
1606,ADO Den Haag,Netherlands,1287,109
822,Aduana Stars,Ghana,1370,38
2207,Adzopé,Ivory Coast,1244,40
2498,AE Kouklion,Cyprus,1221,22
211,AEK,Greece,1539,33
260,AEK Larnaca,Cyprus,1517,26
1924,AEL Kalloni FC,Greece,1261,11
345,AEL Limassol,Cyprus,1476,95
2379,AEZ Zakakiou,Cyprus,1232,32
2695,Afan Lido,Wales,1185,7
270,AFC Bournemouth,England,1512,7
2301,AFC Eskilstuna,Sweden,1237,47
1370,AFC Herrmannstadt Sibiu,Romania,1305,184
1016,AFC UTA Arad,Romania,1345,290
1233,Africa Sports National,Ivory Coast,1322,56
624,AGF,Denmark,1407,126
769,Águila,El Salvador,1380,101
1437,Águilas,Costa Rica,1300,1
851,Águilas Doradas,Colombia,1366,39
1453,Aigle Royal,Cameroon,1299,25
249,AIK,Sweden,1522,23
2108,Aïn Fakroun,Algeria,1250,42
2685,Air Force Central FC,Thailand,1188,8
2464,Air India,India,1224,25
1459,Airbus UK Broughton FC,Wales,1299,27
1675,Aizawl,India,1282,77
823,Ajaccio,France,1369,13
955,Ajax,Congo DR,1352,14
7,Ajax Amsterdam,Netherlands,1905,4
1111,Ajax Cape Town,South Africa,1334,2
2726,Ajax Lasnamäe,Estonia,1173,2
2436,Ajman Club,United Arab Emirates,1226,157
1482,Akademija Pandev,Macedonia,1298,359
2175,Akademik Sofia,Bulgaria,1246,43
1005,Akhisar Belediye,Turkey,1345,4
1843,Akokana,Niger,1268,13
876,Aktobe,Kazakhstan,1362,71
1457,Akwa Starlets,Nigeria,1299,220
520,Akwa United,Nigeria,1431,15
1926,Akzhaiyk Uralsk,Kazakhstan,1261,27
2131,AL Adalh FC,Saudi Arabia,1248,40
530,AL Ahed,Lebanon,1427,109
358,Al Ahli,United Arab Emirates,1472,36
1630,Al Ahli,Qatar,1286,7
2005,Al Ahli Khartoum,Sudan,1255,5
2664,Al Ahli SC Amman,Jordan,1193,13
1512,Al Ahli Tripoli,Libya,1295,20
2362,Al Ahli Wad Medani,Sudan,1233,34
35,Al Ahly,Egypt,1746,7
1876,Al Ahly Benghazi,Libya,1265,14
2074,Al Ahly Merowe,Sudan,1252,1
790,Al Ahly Shendi,Sudan,1376,20
2120,Al Akhaa Al Ahli,Lebanon,1249,210
2404,Al Amir,Sudan,1230,27
2434,Al Ansar FC (Medina),Saudi Arabia,1226,26
889,AL Ansar SC,Lebanon,1360,47
2493,Al Asalah,Jordan,1221,24
1579,Al Batin,Saudi Arabia,1289,48
2710,Al Egtmaaey Tripoli,Lebanon,1179,5
999,AL Ettifaq FC,Saudi Arabia,1346,131
2103,Al Fallah Atbara FC,Sudan,1250,45
808,Al Fateh FC,Saudi Arabia,1373,24
1260,Al Feiha,Saudi Arabia,1319,263
2679,Al Fujairah,United Arab Emirates,1189,6
798,AL Gharafa,Qatar,1375,73
2612,AL Hazem FC,Saudi Arabia,1205,107
69,Al Hilal,Saudi Arabia,1667,27
1913,Al Hilal Kadougli,Sudan,1262,11
275,Al Hilal Omdurman,Sudan,1510,38
2341,Al Hilal Port Sudan,Sudan,1234,42
2586,Al Islah Bourg Shamaly,Lebanon,1209,18
266,Al Ittihad,Saudi Arabia,1514,240
2552,Al Ittihad,Sudan,1215,22
2625,Al Ittihad Kalba,United Arab Emirates,1203,57
827,Al Khartoum SC,Sudan,1369,13
570,Al Masry,Egypt,1419,108
2641,Al Mesaimeer,Qatar,1199,13
1039,Al Mokawloon Al Arab,Egypt,1342,154
2470,Al Mourada,Sudan,1223,25
1896,Al Nahdha Dammam,Saudi Arabia,1264,12
787,Al Nasr,United Arab Emirates,1376,105
2422,Al Nasr FC,Egypt,1228,26
209,Al Nassr,Saudi Arabia,1540,0
1402,AL Qadisiyah FC,Saudi Arabia,1303,68
2178,Al Qadsia,Kuwait,1245,44
2234,Al Quwa Al Jawiya,Iraq,1242,33
2577,Al Rabta Kosti,Sudan,1212,14
1256,Al Raed,Saudi Arabia,1319,259
1892,AL Safa,Lebanon,1264,186
337,Al Shabab,Saudi Arabia,1480,68
933,Al Shabab,United Arab Emirates,1354,7
2463,Al Shabab Al Arabi Beirut,Lebanon,1224,25
1985,Al Sharkeyah,Egypt,1257,17
2604,Al Shimali,Sudan,1206,18
1633,Al Shoalah,Saudi Arabia,1286,9
2449,Al Shorta Al Qadarif,Sudan,1225,24
2048,AL Shorta SC,Iraq,1253,9
685,Al Taawon,Saudi Arabia,1395,96
2291,AL Tadamon Sour,Lebanon,1238,69
2413,Al Urooba Club,United Arab Emirates,1229,317
433,Al Wahda,United Arab Emirates,1451,4
1421,Al Wahda,Saudi Arabia,1301,88
1312,Al Wasl,United Arab Emirates,1312,56
647,Al-Ahli,Saudi Arabia,1402,203
2196,Al-Ahli Atbara,Sudan,1244,43
272,Al-Ain FC,United Arab Emirates,1511,25
2032,Al-Ain FC,Saudi Arabia,1254,224
1124,Al-Arabi Doha,Qatar,1332,142
2746,Al-Baqa'a SC,Jordan,1156,98
1692,Al-Bourj FC,Lebanon,1280,246
2361,Al-Dhafra,United Arab Emirates,1233,272
120,Al-Duhail SC,Qatar,1597,5
949,Al-Faisaly FC Harmah,Saudi Arabia,1353,194
1094,Al-Faisaly SC Amman,Jordan,1336,66
2693,Al-Hikma,Lebanon,1186,27
2366,Al-Hussein SC Irbid,Jordan,1232,206
841,Al-Ittihad,Libya,1367,11
969,Al-Ittihad Al-Sakandary,Egypt,1351,19
2398,Al-Jalil,Jordan,1230,238
1025,Al-Jazeera Amman,Jordan,1344,141
481,Al-Jazira,United Arab Emirates,1439,70
481,Al-Jazira,United Arab Emirates,1439,70
1394,Al-Khaleej Club,Saudi Arabia,1303,1
2558,Al-Kharitiyat,Qatar,1214,4
2249,Al-Khor,Qatar,1241,212
2204,Al-Markhiya Sports Club,Qatar,1244,41
2592,Al-Mergheni,Sudan,1209,17
321,Al-Merreikh,Sudan,1486,30
2608,Al-Nil,Sudan,1206,16
1764,Al-Orobah FC,Saudi Arabia,1273,3
1223,Al-Ramtha SC,Jordan,1323,297
802,Al-Rayyan,Qatar,1374,136
104,Al-Sadd,Qatar,1613,28
1652,Al-Sailiya,Qatar,1284,235
1485,Al-Salt,Jordan,1298,236
2652,Al-Sareeh SC,Jordan,1196,14
2732,Al-Shaab,United Arab Emirates,1169,2
2325,Al-Shahania S.C.,Qatar,1235,18
2657,Al-Shamal SC,Qatar,1194,47
1500,Al-Tai FC,Saudi Arabia,1296,61
1587,Al-Wakra,Qatar,1288,326
557,Al-Wehdat SC,Jordan,1422,56
2559,Al-Yarmouk FC,Jordan,1214,20
1612,Al-Zawraa SC,Iraq,1287,50
2672,Ala'ab Damanhour,Egypt,1190,13
2579,Alacranes del Norte,El Salvador,1210,18
1994,Alamal Atbara,Sudan,1256,12
1458,Alaniya,Russia,1299,27
326,Alanyaspor,Turkey,1483,12
1013,Albion F.C.,Uruguay,1345,58
1484,Albirex Niigata,Japan,1298,17
403,Aldosivi,Argentina,1460,110
1634,Alianza,Panama,1286,451
1440,Alianza Atlético,Peru,1300,566
320,Alianza FC,El Salvador,1487,6
524,Alianza Lima,Peru,1429,615
803,Alianza Petrolera,Colombia,1374,844
1662,Alianza Universidad Huanuco,Peru,1283,759
2235,Alkali Nassara,Niger,1242,36
2656,Alki,Cyprus,1194,14
1506,Alki Oroklinis,Cyprus,1296,20
556,All Boys,Argentina,1422,2
406,Almería,Spain,1459,7
2514,Alpha United,Guyana,1219,22
1184,Altay S.K.,Turkey,1327,229
1232,Aluminij,Slovenia,1322,249
1155,Aluminium Arak,Iran,1329,91
1464,Aluminium Hormozgan,Iran,1299,23
346,Always Ready,Bolivia,1476,67
883,AmaZulu FC,South Africa,1361,51
156,América,Mexico,1567,38
506,América de Cali,Colombia,1433,205
102,América Mineiro,Brazil,1616,358
1355,Amicale FC,Vanuatu,1308,5
2003,Amidaus Professionals FC,Ghana,1255,5
538,Amiens SC,France,1426,2
604,Amkar Perm',Russia,1411,8
2540,Anagennisi Deryneia,Cyprus,1216,18
2740,Andijon,Uzbekistan,1163,3
475,Angers,France,1440,121
475,Angers,France,1440,121
1354,Ankaragücü,Turkey,1308,194
2036,Ankaran Hrvatini,Slovenia,1254,10
1144,Annaba,Algeria,1330,1
252,Anorthosis,Cyprus,1520,16
509,Antigua Guatemala,Guatemala,1433,272
1632,AOK Kerkyra,Greece,1286,9
1089,Apejes de Mfou,Cameroon,1337,253
2168,APEP,Cyprus,1246,44
217,APOEL Nicosia,Cyprus,1538,7
119,Apollon Limassol,Cyprus,1598,12
2568,Apollon Smyrnis,Greece,1213,497
2057,APOP / Kinyras,Cyprus,1253,5
1051,Árabe Unido,Panama,1341,218
1462,Aragua FC,Venezuela,1299,38
2121,Ararat-Armenia FC,Armenia,1249,42
2219,Araz PFK,Azerbaijan,1243,38
2022,Arcahaie FC,Haiti,1254,4
2724,Ards,Northern Ireland,1174,2
817,Arema,Indonesia,1371,183
214,Argentinos Juniors,Argentina,1539,74
868,Argeș Pitești,Romania,1364,188
971,Aris Limassol,Cyprus,1350,872
317,Aris Thessaloniki FC,Greece,1488,17
1018,Arles,France,1344,4
2271,Armed Forces,Singapore,1240,39
1822,Army United,Thailand,1269,8
1377,Arnett Gardens,Jamaica,1304,4
845,Arouca,Portugal,1367,99
2733,Arrows,India,1168,2
13,Arsenal,England,1836,21
546,Arsenal de Sarandí,Argentina,1424,217
805,Arsenal Tula,Russia,1374,164
2623,Art Municipal Jalapa,Nicaragua,1203,84
1344,AS Aïn M'lila,Algeria,1308,317
2332,AS Avenir de Tombouctou,Mali,1235,43
1986,AS Bamako,Mali,1257,17
2491,AS Eliwidj FC,Mali,1221,25
774,AS Fortuna,Cameroon,1379,64
2125,AS Kasserine,Tunisia,1249,39
1727,AS Korofina,Mali,1277,2
2522,AS Lossi,New Caledonia,1218,23
1113,AS Magenta,New Caledonia,1334,1
1770,AS Matelots,Cameroon,1272,2
2174,AS Nianan,Mali,1246,43
740,AS Nika,Congo DR,1385,16
2098,AS Nyuki de Butembo,Denmark,1250,1
2079,AS Police,Mali,1251,0
2039,AS Puma Generaleňa,Costa Rica,1254,10
589,AS Réal Bamako,Mali,1415,5
943,AS Rejiche,Tunisia,1353,153
1868,AS Salé,Morocco,1266,13
1199,AS Slimane,Tunisia,1325,70
1263,AS Tanda,Ivory Coast,1319,33
1973,AS-FAN,Niger,1259,17
483,Asante Kotoko,Ghana,1439,53
483,Asante Kotoko,Ghana,1439,53
241,ASD Spezia Calcio 2008,Italy,1526,32
402,ASEC Mimosas,Ivory Coast,1460,45
1297,ASGNN,Niger,1315,0
893,Ashanti Gold FC,Ghana,1359,218
1562,ASI D'Abengourou,Ivory Coast,1290,185
2285,ASM Oran,Algeria,1239,43
941,ASO Chlef,Algeria,1353,228
1382,Asoc. Dep. y Rec. Jicaral Sercoba,Costa Rica,1304,297
832,Asociación Deportiva Tarma (ADT),Peru,1369,123
1474,Assyriska,Sweden,1298,19
459,Asteras Tripolis,Greece,1444,19
459,Asteras Tripolis,Greece,1444,19
73,Aston Villa,England,1656,39
681,Astra Ploieşti,Romania,1395,181
1073,Astres FC de Douala,Cameroon,1338,7
2351,Aswan FC,Egypt,1233,634
2176,Asyut Petrol,Egypt,1246,43
25,Atalanta,Italy,1780,17
2601,Atar Club,Mali,1207,16
1816,Atenas,Uruguay,1269,9
1801,Atheltic Club Port of Spain,Trinidad and Tobago,1270,6
50,Athletic Bilbao,Spain,1694,8
1869,Athlone Town,Ireland,1266,13
614,Atlanta United FC,United States,1409,11
1201,Atlante,Mexico,1325,10
306,Atlas,Mexico,1494,437
1907,Atlético Balboa,El Salvador,1263,10
2242,Atlético Chiriquí,Panama,1242,212
1430,Atlético Choloma,Honduras,1301,0
1800,Atlético de Kolkata,India,1270,6
2191,Atlético do Namibe,Angola,1245,43
2485,Atlético El Vigía,Venezuela,1222,25
97,Atlético Goianiense,Brazil,1621,72
1668,Atlético Huila,Colombia,1283,637
9,Atlético Madrid,Spain,1876,4
2539,Atlético Marte,El Salvador,1217,48
17,Atlético Mineiro,Brazil,1806,51
169,Atlético Nacional,Colombia,1561,1
331,Atletico Petro Luanda,Angola,1482,266
108,Atlético PR,Brazil,1608,37
565,Atlético Rafaela,Argentina,1420,1
784,Atlético San Luis,Mexico,1376,367
2452,Atletico Socopo,Venezuela,1225,24
1866,Atlético Sport Aviação,Angola,1266,12
615,Atlético Tucumán,Argentina,1409,372
1872,Atlético Venezuela,Venezuela,1265,101
2556,Atlético Veragüense,Panama,1215,21
875,Atromitos,Greece,1362,189
1666,Åtvidaberg,Sweden,1283,4
1646,Atyrau,Kazakhstan,1285,11
496,Aucas,Ecuador,1434,84
496,Aucas,Ecuador,1434,84
140,Auckland City,New Zealand,1582,4
606,Audax Italiano La Florida,Chile,1411,41
141,Augsburg,Germany,1581,133
1809,Aurora,Bolivia,1270,178
1338,Austin FC,Uruguay,1310,426
2578,Austria Kärnten,Austria,1211,17
576,Austria Wien,Austria,1417,137
397,Auxerre,France,1461,3
953,Avaí FC,Brazil,1352,13
1314,Avenir de La Marsa,Tunisia,1312,11
1463,Avion Fc Du Nkam,Cameroon,1299,235
1331,Avispa Fukuoka,Japan,1310,891
661,Ayacucho FC,Peru,1398,220
2720,Ayia Napa,Cyprus,1175,1
63,AZ Alkmaar,Netherlands,1675,12
1456,AZAL PFC Baku,Azerbaijan,1299,27
2127,Azam,Tanzania,1249,40
1778,Ba,Fiji,1272,1
2340,Babeti ya Sika,Congo DR,1234,42
186,Bahia,Brazil,1548,2
1367,Bakaridjan de Barouéli,Mali,1306,4
1148,Bakı,Azerbaijan,1330,2
471,Bala Town FC,Wales,1441,20
471,Bala Town FC,Wales,1441,20
807,Bali United,Indonesia,1373,299
1207,Balıkesirspor,Turkey,1325,12
2687,Ballinamallard United,Northern Ireland,1187,9
1894,Ballymena United,Northern Ireland,1264,159
1289,Balmazújváros,Hungary,1316,2
679,Bamboutos,Cameroon,1396,142
362,Banfield,Argentina,1471,20
2701,Banga Gargzdai,Lithuania,1182,8
517,Bangkok United,Thailand,1431,15
511,Bangor City,Wales,1432,8
303,Baník Ostrava,Czech Republic,1495,80
938,Baniyas,United Arab Emirates,1353,18
2431,Bantous,Congo DR,1227,26
2395,Bantu Rovers,Zimbabwe,1230,29
2628,Barbican FC,Jamaica,1203,11
6,Barcelona,Spain,1931,0
131,Barcelona SC,Ecuador,1589,42
668,Bari,Italy,1398,7
1870,Barito Putera,Indonesia,1266,69
1856,Barnechea,Chile,1267,17
1963,Baroka FC,South Africa,1259,298
1534,Barrio México,Costa Rica,1292,31
1472,Barry Town United FC,Wales,1298,262
103,BATE Borisov,Belarus,1615,7
1282,Bayamón FC,Puerto Rico,1316,1
1498,Bayelsa United,Nigeria,1296,20
27,Bayer Leverkusen,Germany,1773,17
1,Bayern München,Germany,2045,0
2674,BBCU FC,Thailand,1190,12
1413,Bechem United,Ghana,1302,233
466,Beijing Guoan,China PR,1442,228
466,Beijing Guoan,China PR,1442,228
2310,Beijing Renhe,China PR,1237,47
1027,Beira-Mar,Portugal,1343,7
961,Beitar Jerusalem FC,Israel,1351,417
2618,Bekaa SC,Lebanon,1203,13
1731,Bekescsaba,Hungary,1276,4
1756,Bełchatów,Poland,1274,2
1605,Belén Siglo XXI,Costa Rica,1287,19
908,Belenenses,Portugal,1358,321
354,Belgrano,Argentina,1474,1
1133,Bella Vista,Uruguay,1331,5
2307,Bellinzona,Switzerland,1237,47
1897,Belshina Bobruisk,Belarus,1264,74
746,Ben Guerdane,Tunisia,1384,37
1296,Bendel Insurance,Nigeria,1315,2
620,Benevento,Italy,1408,105
19,Benfica,Portugal,1797,6
981,Benfica Luanda,Angola,1349,0
950,Bengaluru FC,India,1353,12
1891,Béni-Khalled,Tunisia,1264,9
2722,Berane,Montenegro,1174,2
1948,Berekum Arsenal,Ghana,1260,15
997,Berekum Chelsea FC,Ghana,1346,96
462,Beroe,Bulgaria,1444,127
462,Beroe,Bulgaria,1444,127
257,Beşiktaş,Turkey,1518,169
2752,BFC Daugavpils,Latvia,1144,4
405,BG Pathum United,Thailand,1459,82
912,Bhayangkara FC,Indonesia,1357,199
2104,Bibiani Gold Stars F.C.,Ghana,1250,7
436,Bidvest Wits,South Africa,1451,3
2202,Binh Duong,Vietnam,1244,41
295,Birmingham City,England,1498,2
456,BK Häcken,Sweden,1444,72
456,BK Häcken,Sweden,1444,72
2582,Black Leopards,South Africa,1209,76
1798,Black Mambas,Zimbabwe,1270,6
1930,Black Rhinos,Zimbabwe,1261,110
407,Blackburn Rovers F.C.,England,1459,7
370,Blackpool,England,1469,1
1955,Blessing FC,Congo DR,1260,129
1097,Bloemfontein Celtic,South Africa,1336,8
1126,Blooming,Bolivia,1332,114
1194,Bnei Sakhnin,Israel,1326,472
1011,Bnei Yehuda Tel Aviv FC,Israel,1345,33
458,Boavista,Portugal,1444,98
458,Boavista,Portugal,1444,98
68,Boca Juniors,Argentina,1668,38
152,Bochum,Germany,1571,472
136,Bodø / Glimt,Norway,1585,110
528,Bohemian FC,Ireland,1429,9
771,Bohemians 1905,Czech Republic,1379,282
245,Bolívar,Bolivia,1525,33
198,Bologna,Italy,1543,71
1489,Bolognesi,Peru,1297,19
350,Bolton Wanderers,England,1475,1
2523,Bontang PKT,Indonesia,1218,23
714,Borac Banja Luka,Bosnia and Herzegovina,1391,92
2517,Borac Čačak,Serbia,1218,24
584,Bordeaux,France,1416,153
21,Borussia Dortmund,Germany,1792,4
113,Borussia Mönchengladbach,Germany,1605,72
618,Boston River,Uruguay,1408,383
1179,Botafogo FC,Cameroon,1327,3
773,Botafogo RJ,Brazil,1379,15
533,Botev Plovdiv,Bulgaria,1427,208
1555,Botev Vratsa,Bulgaria,1291,229
658,Botoşani,Romania,1399,25
1881,Bouaké FC,Ivory Coast,1265,17
690,Boulogne,France,1394,19
1406,Boyacá Chicó FC,Colombia,1302,1
2728,Boys' Town,Jamaica,1172,2
75,Braga,Portugal,1655,12
404,Brasilia,Brazil,1459,7
1156,Braşov,Romania,1329,2
2308,Bray Wanderers,Ireland,1237,48
142,Brentford FC,England,1580,146
794,Brescia,Italy,1375,21
276,Brest,France,1509,60
179,Brighton & Hove Albion,England,1554,45
1400,Brisbane Roar FC,Australia,1303,168
2648,Brommapojkarna,Sweden,1197,11
365,Brøndby,Denmark,1471,26
2632,Brong Ahafo Stars,Ghana,1201,13
1342,Brujas,Costa Rica,1309,8
1946,BSK Borča,Serbia,1260,15
1535,Bucaspor,Turkey,1292,31
2090,Budafoki MTE,Hungary,1250,146
383,Budućnost,Montenegro,1466,35
1898,Buffaloes FC,Zimbabwe,1263,11
1928,Buildcon,Zambia,1261,84
2303,Bukavu Dawa,Congo DR,1237,47
1210,Bukola Babes,Nigeria,1325,13
2189,Bulawayo Chiefs,Zimbabwe,1245,93
2297,Bulawayo City FC,Zimbabwe,1238,202
600,Bunyodkor Tashkent,Uzbekistan,1411,6
235,Buriram United,Thailand,1529,9
159,Burnley,England,1564,80
785,Bursaspor,Turkey,1376,18
1350,Busan I'Park,South Korea,1308,6
2490,Buxoro,Uzbekistan,1221,25
1332,C.A. Cerro,Uruguay,1310,4
1684,C.D. Hermanos Colmenarez,Venezuela,1281,379
2412,C.D. Honduras Progreso,Honduras,1229,120
2101,C.D. Lunda Sul,Angola,1250,4
2017,CA Batna,Algeria,1255,7
1032,CA Bizertin,Tunisia,1343,264
2494,CA Bordj Bou Arreridj,Algeria,1221,87
356,CA Central Cordoba,Argentina,1473,13
1081,CA Palmaflor,Bolivia,1338,7
1941,Cabinda,Angola,1260,13
167,Cádiz CF,Spain,1561,1
694,Caen,France,1394,20
1519,Caernarfon,Wales,1294,161
2655,Caersws,Wales,1195,14
298,Cagliari,Italy,1497,59
2738,Caguas Huracán,Puerto Rico,1165,2
1527,Caïman Douala,Cameroon,1293,25
2505,Caledonia AIA,Trinidad and Tobago,1220,23
1049,Cambuur,Netherlands,1341,567
2047,Canon Buromeca,Congo DR,1253,10
1082,Canon Sportif,Cameroon,1337,264
1099,Canterbury United,New Zealand,1336,5
1544,Capaco,Congo DR,1292,29
735,Cape Town City FC,South Africa,1386,3
751,CAPS United,Zimbabwe,1384,42
1209,Carabobo FC,Venezuela,1325,12
508,Caracas,Venezuela,1433,45
357,Cardiff City,England,1472,6
1177,Cardiff Met University,Wales,1327,124
732,Carlos A. Mannucci,Peru,1387,142
1729,Carmarthen,Wales,1277,3
2634,Carolina Gigantes,Puerto Rico,1201,13
2595,Caroní,Venezuela,1208,18
236,Carpi,Italy,1528,6
2755,Carrick Rangers,Northern Ireland,1137,12
646,Cartaginés,Costa Rica,1402,19
2487,CAS de Sévaré,Mali,1222,25
305,Catania,Italy,1494,2
1442,Cavaliers FC,Jamaica,1300,311
2371,Cavaly,Haiti,1232,275
1311,CD America de Quito,Ecuador,1313,9
612,CD Antofagasta,Chile,1409,96
2238,CD Audaz,El Salvador,1242,36
1748,CD Chalatenango,El Salvador,1275,446
1864,CD das Aves,Portugal,1266,13
1734,CD EL Vencedor,El Salvador,1276,3
1004,CD FAS,El Salvador,1345,57
861,CD Jaguares,Colombia,1365,89
2557,CD Junior Managua,Nicaragua,1215,13
2621,CD Ocotal,Nicaragua,1203,83
2440,CD Olmedo,Ecuador,1226,1167
2585,CD Petapa,Guatemala,1209,17
1807,CD Platense Municipal,El Salvador,1270,290
966,CD Plaza Amador,Panama,1351,22
2312,CD Real de Minas,Honduras,1236,50
400,CD Santa Clara,Portugal,1460,14
2563,CD Sonsonate,El Salvador,1214,31
856,CD UT Cajamarca,Peru,1366,279
741,CD Vida,Honduras,1385,434
2037,Ceahlăul Piatra,Romania,1254,10
98,Ceará SC,Brazil,1620,23
2707,Cefn Druids AFC,Wales,1180,426
1716,Čelik Nikšić,Montenegro,1278,0
1984,Čelik Zenica,Bosnia and Herzegovina,1257,17
62,Celta Vigo,Spain,1675,16
51,Celtic,Scotland,1694,21
1363,Central,Trinidad and Tobago,1307,4
2408,Central Coast Mariners FC,Australia,1229,184
975,Central Español,Uruguay,1350,3
1983,Central Sport,Syria,1257,17
1480,Centre Salif Kéita,Mali,1298,18
2417,Centro Ítalo,Venezuela,1228,23
1258,Ceramica Cleopatra,Egypt,1319,58
736,Cercle Brugge,Belgium,1386,785
412,Cerezo Osaka,Japan,1458,53
1376,Cerrito,Uruguay,1305,253
588,Cerro Largo,Uruguay,1415,38
114,Cerro Porteño,Paraguay,1602,14
1449,Cerro Porteño PF,Paraguay,1299,25
894,Cesena,Italy,1359,3
806,České Budějovice,Czech Republic,1373,277
1077,CF Montreal,Canada,1338,221
150,CF Pachuca,Mexico,1573,67
2566,CF Ungheni,Moldova,1213,18
92,CFR Cluj,Romania,1627,11
1491,Chabab Atlas Khénifra,Morocco,1297,20
1749,Chabab Rif Al Hoceima,Morocco,1274,3
1067,Chacarita Juniors,Argentina,1339,5
1906,Chainat FC,Thailand,1263,10
2359,Chambishi FC,Zambia,1233,262
813,Changchun Yatai,China PR,1372,353
1075,Chapecoense AF,Brazil,1338,674
1759,Chapungu United,Zimbabwe,1273,1
1046,Charlotte FC,Uruguay,1341,91
721,Chaves,Portugal,1389,18
5,Chelsea FC,England,1939,4
1767,Chengdu Blades,China PR,1272,1
1933,Chennai City FC,India,1261,11
1969,Chennaiyin FC,India,1259,15
1553,Chepo FC,Panama,1291,27
312,Cherno More Varna,Bulgaria,1490,104
737,Chernomorets Burgas,Bulgaria,1386,14
2314,Chiangmai FC,Thailand,1236,50
719,Chiangrai United,Thailand,1390,51
1330,Chicago Fire,United States,1310,61
619,Chicken Inn FC,Zimbabwe,1408,40
781,Chievo Verona,Italy,1377,16
1638,Chikhura,Georgia,1285,12
2638,Chinandega FC,Nicaragua,1200,3
1707,Chippa United,South Africa,1279,133
2392,Chirag Kerala,India,1230,30
2438,Chiredzi FC,Zimbabwe,1226,23
2609,Chivas USA,United States,1206,16
864,Chonburi FC,Thailand,1365,64
1528,Chongqing Liangjiang Athletic F.C.,China PR,1293,326
1548,Chornomorets Odesa,Ukraine,1291,288
978,Chorrillo,Panama,1350,0
924,Churchill Brothers SC,India,1355,51
2300,Cibalia,Croatia,1237,47
2315,Cibao,Denmark,1236,50
1530,Ciclon,Bolivia,1293,28
461,Cienciano,Peru,1444,161
461,Cienciano,Peru,1444,161
1723,Clan Juvenil,Ecuador,1277,3
539,Clermont Foot,France,1426,103
956,Cliftonville,Northern Ireland,1352,294
558,Club Africain,Tunisia,1421,9
601,Club Atlético Bucaramanga,Colombia,1411,1
1078,Club Atlético Grau,Peru,1338,50
2420,Club Atletico Pantoja,Denmark,1228,24
273,Club Atlético Platense,Argentina,1511,163
800,Club Atletico Progreso,Uruguay,1374,104
398,Club Atletico Torque,Uruguay,1461,214
91,Club Brugge,Belgium,1628,32
855,Club Deportivo Maldonado,Uruguay,1366,63
2180,Club Olympique de Médenine,Tunisia,1245,44
2306,Club Omnisports de Korhogo (CIV),Ivory Coast,1237,34
1174,Club Petrolero,Bolivia,1328,2
222,Club Puebla,Mexico,1535,84
1163,Club River Plate,Paraguay,1328,139
2368,Club Sando,Trinidad and Tobago,1232,34
371,Club Sport Herediano,Costa Rica,1469,19
641,Club Tijuana,Mexico,1404,21
1359,CNI,Peru,1307,4
2333,CO Bouafle,Ivory Coast,1235,44
2276,Coatepeque,Guatemala,1240,39
770,Coban Imperial,Guatemala,1379,103
885,Cobreloa,Chile,1361,11
543,Cobresal,Chile,1425,194
2043,Cobresol,Peru,1254,9
1706,CODM Meknès,Morocco,1279,1
881,Coleraine,Northern Ireland,1362,46
256,Colo Colo,Chile,1519,266
1030,Colombe du Dja et Lobo,Cameroon,1343,62
2415,Colón C-3,Panama,1229,23
378,Colón Santa Fe,Argentina,1467,369
654,Colorado Rapids,United States,1400,536
652,Columbus Crew,United States,1400,92
1493,Comerciantes Unidos,Peru,1297,20
2237,Concordia Chiajna,Romania,1242,36
332,Connah's Quay,Wales,1481,5
749,Consadole Sapporo,Japan,1384,47
914,Coquimbo Unido,Chile,1356,162
874,Córdoba CF,Spain,1363,10
89,Corinthians,Brazil,1630,74
503,Coritiba,Brazil,1434,6
716,Cork City,Ireland,1391,19
2538,Corona Braşov,Romania,1217,19
993,Cortuluá,Colombia,1347,193
2073,Cosmos de Bafia,Cameroon,1252,1
1724,Costuleni,Moldova,1277,3
425,Coton Sport,Cameroon,1455,43
185,CR Belouizdad,Algeria,1550,224
857,Cracovia Kraków,Poland,1366,78
2230,Cranborne Bullets FC,Zimbabwe,1242,134
634,Criciúma,Brazil,1405,11
2587,Croatia Sesvete,Croatia,1209,18
583,Crotone,Italy,1416,70
2026,Crown FC,Nigeria,1254,5
1647,Crucero del Norte,Argentina,1285,6
929,Crusaders,Northern Ireland,1354,22
172,Cruz Azul,Mexico,1557,95
301,Cruzeiro,Brazil,1495,1
72,Crystal Palace,England,1662,86
692,CS Alagoano AL,Brazil,1394,19
536,CS Constantine,Algeria,1426,38
783,CS Deportivo Pereira,Colombia,1376,242
2152,CS Fola Esch,Luxembourg,1247,56
2105,CS Hammam-Lif,Tunisia,1250,214
2383,CS Makiso,Congo DR,1231,31
564,CS Marítimo Madeira,Portugal,1421,82
2465,CS Mioveni,Romania,1224,199
523,CS Petrocub,Moldova,1430,166
322,CS Sfaxien,Tunisia,1486,58
279,CS Universitatea Craiova,Romania,1508,44
1681,CS Uruguay,Costa Rica,1281,1
366,CSD Comunicaciones,Guatemala,1470,51
339,CSD Municipal,Guatemala,1478,36
151,CSKA Moskva,Russia,1572,1
2115,CSMS Iaşi,Romania,1249,56
2169,CSyD Carchá,Guatemala,1246,45
2294,CSyD Nueva Concepción,Guatemala,1238,856
1278,Cúcuta Deportivo,Colombia,1317,0
191,Cuiaba,Brazil,1547,244
302,Čukarički,Serbia,1495,41
923,Cumbayá FC,Ecuador,1355,33
2161,Cunupia FC,Trinidad and Tobago,1247,40
648,Curicó Unido,Chile,1402,298
988,Cusco FC,Peru,1347,231
1796,Dacia Buiucani,Moldova,1270,119
155,Dacia Chisinau,Moldova,1567,1
531,Daegu FC,South Korea,1427,16
2439,Daejeon Citizen,South Korea,1226,44
2758,Dainava Alytus,Lithuania,1128,2
1783,Dalian Professional FC,China PR,1271,269
1603,Dalian Shide,China PR,1287,19
1797,Dalkurd FF,Sweden,1270,6
834,Damac FC,Saudi Arabia,1368,439
1277,Damash,Iran,1317,1
1761,Dan Kassawa,Niger,1273,2
765,Danubio,Uruguay,1381,88
380,Darmstadt,Germany,1467,6
2393,Dauphins Noirs,Congo DR,1230,82
1162,DC United,United States,1328,159
1066,De Graafschap,Netherlands,1339,5
2483,Debo Club,Mali,1222,25
871,Debrecen,Hungary,1363,15
1828,Dečić,Montenegro,1268,372
799,Defence Force FC,Trinidad and Tobago,1375,22
46,Defensa y Justicia,Argentina,1701,14
1230,Defensor La Bocana,Peru,1322,1
776,Defensor Sporting,Uruguay,1378,57
1349,Degerfors IF,Sweden,1308,130
444,Delfin SC,Ecuador,1447,78
1911,Delhi Dynamos FC,India,1262,11
1395,Delta Force FC,Nigeria,1303,1
2277,Deltras Sidoarjo,Indonesia,1240,40
522,Dempo SC,India,1430,7
1560,Denguélé Sport,Ivory Coast,1290,26
2000,Denizlispor,Turkey,1256,267
1010,Deportes Iquique,Chile,1345,6
1102,Deportes La Serena,Chile,1335,236
1559,Deportes Quindío,Colombia,1290,160
829,Deportes Temuco,Chile,1369,13
2414,Deportiva Carmelita,Costa Rica,1229,23
1040,Deportiva San Carlos,Costa Rica,1342,25
1766,Deportivo Achuapa,Guatemala,1273,18
282,Deportivo Alaves,Spain,1507,93
1531,Deportivo Anzoátegui,Venezuela,1293,29
837,Deportivo Binacional,Peru,1368,186
375,Deportivo Cali,Colombia,1467,54
1119,Deportivo Capiatá,Paraguay,1333,0
1265,Deportivo Carapeguá,Paraguay,1319,6
1805,Deportivo Chiantla,Guatemala,1270,6
796,Deportivo Cuenca,Ecuador,1375,83
1446,Deportivo del Este,Panama,1300,162
560,Deportivo Heredia,Guatemala,1421,1
323,Deportivo La Coruña,Spain,1486,9
878,Deportivo La Guaira FC,Venezuela,1362,236
877,Deportivo Lara,Venezuela,1362,92
2328,Deportivo Las Sabanas,Nicaragua,1235,44
1613,Deportivo Llacuabamba,Peru,1287,17
1221,Deportivo Los Caimanes,Peru,1323,7
597,Deportivo Malacateco,Guatemala,1412,551
1957,Deportivo Marquense,Guatemala,1260,17
1940,Deportivo Mixco,Guatemala,1260,14
836,Deportivo Municipal,Peru,1368,388
963,Deportivo Pasto,Colombia,1351,507
2424,Deportivo Petare,Venezuela,1228,26
1048,Deportivo Quevedo,Ecuador,1341,9
1303,Deportivo Quito,Ecuador,1314,11
1276,Deportivo Sanarate,Guatemala,1318,89
1494,Deportivo Santaní,Paraguay,1297,21
468,Deportivo Saprissa,Costa Rica,1442,38
468,Deportivo Saprissa,Costa Rica,1442,38
2123,Deportivo Savio,Honduras,1249,41
480,Deportivo Táchira,Venezuela,1439,140
480,Deportivo Táchira,Venezuela,1439,140
1308,Deportivo Walter Ferretti,Nicaragua,1313,16
309,Deportivo Xerez,Spain,1491,8
2164,Deportivo Zulia,Venezuela,1246,43
489,Derry City,Ireland,1437,241
489,Derry City,Ireland,1437,241
1441,Desportivo Da Huíla,Angola,1300,6
2565,Destroyers,Bolivia,1213,18
2114,Diables Noirs,Congo,1250,42
2193,Diaraf,Senegal,1244,44
2547,Dibba Al-Fujairah Club,United Arab Emirates,1216,16
833,Difaâ El Jadida,Morocco,1368,10
2186,Differdange 03,Luxembourg,1245,44
1071,Dijon,France,1339,220
1108,Dila Gori,Georgia,1335,183
2651,Dinamo Bender,Moldova,1197,12
1669,Dinamo Bucureşti,Romania,1283,594
247,Dinamo Minsk,Belarus,1524,49
154,Dinamo Moskva,Russia,1567,106
2626,Dinamo Samarkand,Uzbekistan,1203,8
455,Dinamo Tbilisi,Georgia,1445,6
455,Dinamo Tbilisi,Georgia,1445,6
2045,Dinamo Vranje,Serbia,1253,10
61,Dinamo Zagreb,Croatia,1678,9
1631,Dinamo-Auto,Moldova,1286,130
1467,Diósgyör,Hungary,1299,89
934,Diriangén FC,Nicaragua,1354,370
1732,Diyarbakirspor,Turkey,1276,4
386,Djoliba AC,Mali,1463,2
278,Djurgården,Sweden,1509,44
2703,Dnepr Mogilev,Belarus,1181,7
221,Dnipro Dnipropetrovsk,Ukraine,1536,9
394,Dolphins FC,Nigeria,1462,262
2471,Domant FC,Angola,1223,26
472,Domžale,Slovenia,1441,112
472,Domžale,Slovenia,1441,112
1283,Don Bosco SC,Congo DR,1316,92
2329,Dongo,Zimbabwe,1235,44
1041,Dorados Sinaloa,Mexico,1342,5
1741,Douanes Niamey,Niger,1275,3
2458,Douglas Warriors,Zimbabwe,1224,24
2042,Doxa Dramas,Greece,1254,10
1252,Doxa Katokopia,Cyprus,1320,130
1718,Dragon,Tahiti,1278,1
2423,Dragón,El Salvador,1228,26
1765,Dragon de Yaoundé,Cameroon,1273,175
1623,Dragons,Congo DR,1286,15
1781,Drava,Slovenia,1271,0
1291,DRB Tadjenanet,Algeria,1316,3
1685,Dreams FC,Ghana,1281,118
1936,Drogheda United,Ireland,1261,510
195,DSC Arminia Bielefeld,Germany,1546,71
2185,DSK Shivajians,India,1245,43
2650,Dubai Club,United Arab Emirates,1197,11
1863,Dubnica,Slovakia,1266,13
1486,Duguwolofila,Mali,1297,18
1943,Dukla Banska Bystrica,Slovakia,1260,14
1619,Dukla Praha,Czech Republic,1286,15
408,Dunajska Streda,Slovakia,1459,59
1879,Dunaújváros Pálhalma SE,Hungary,1265,13
1819,Dunav Ruse,Bulgaria,1269,9
1838,Dunbeholden FC,Jamaica,1268,236
369,Dundalk FC,Ireland,1470,145
2645,Dundee FC,Scotland,1198,5
1104,Dundee United,Scotland,1335,119
2268,Dunfermline Athletic,Scotland,1240,38
2759,Dungannon Swifts,Northern Ireland,1119,1
65,Dynamo Kyiv,Ukraine,1669,0
280,Dynamos,Zimbabwe,1508,10
2391,Džiugas Telšiai,Lithuania,1231,165
1824,Eagles,Zimbabwe,1268,8
548,East Bengal Club,India,1423,3
2334,Eastern Sports Club,Hong Kong,1235,45
918,Eastern Stars,Papua New Guinea,1356,4
899,Eastern Suburbs,New Zealand,1359,6
1433,Ebusua Dwarfs,Ghana,1301,18
197,EC Juventude,Brazil,1544,239
887,Eding Sport FC,Cameroon,1360,176
2445,EFYM,Ivory Coast,1225,21
2513,Eger,Hungary,1219,22
1670,EGS Gafsa,Tunisia,1283,3
261,Eibar,Spain,1517,67
427,Eintracht Braunschweig,Germany,1454,3
49,Eintracht Frankfurt,Germany,1697,25
1533,Ekranas,Lithuania,1293,29
1854,El Dakhleya,Egypt,1267,17
2134,El Dorado,Denmark,1248,43
1622,El Entag El Harby,Egypt,1286,8
1021,El Geish,Egypt,1344,130
1379,El Gounah,Egypt,1304,112
535,El Jaish (Doha),Qatar,1427,5
1242,El Kanemi Warriors,Nigeria,1321,2
2023,El Mansura,Egypt,1254,5
2053,El Minya,Egypt,1253,6
1105,El Nacional,Ecuador,1335,1
2222,El Nasr Tadeen,Egypt,1243,38
2555,El Nsoor,Sudan,1215,21
1964,El Raja,Egypt,1259,15
972,El Tanque Sisley,Uruguay,1350,20
163,El Zamalek,Egypt,1563,13
1786,El-Sharkia Lel Dokhan (Eastern Company SC),Egypt,1271,347
919,Elazığspor,Turkey,1356,4
157,Elche,Spain,1566,74
2184,Eleven Wise,Ghana,1245,43
2054,Eleven Wonders FC,Ghana,1253,158
360,Elfsborg,Sweden,1471,106
1674,Elima,Congo DR,1282,2
2358,Elmina Sharks,Ghana,1233,488
164,Emelec,Ecuador,1563,19
2711,Emirates Club,United Arab Emirates,1179,33
254,Empoli FC,Italy,1520,7
1573,Enosis Paralimni,Cyprus,1289,231
715,ENPPI,Egypt,1391,32
1755,Entente Sportive du Bafing,Ivory Coast,1274,577
477,Enugu Rangers,Nigeria,1440,115
477,Enugu Rangers,Nigeria,1440,115
662,Envigado,Colombia,1398,235
526,Enyimba,Nigeria,1429,105
1725,EO Sidi Bouzid,Tunisia,1277,3
2225,Erakor Golden Star,Vanuatu,1243,38
1398,Ergotelis,Greece,1303,2
1947,Ermis Aradippou,Cyprus,1260,44
1038,Erzurum BB,Turkey,1342,9
2467,ES Bingerville,Ivory Coast,1224,24
415,ES Sétif,Algeria,1457,71
1751,Esan United,Thailand,1274,3
1818,Esbjerg fB,Denmark,1269,9
1000,Eskişehirspor,Turkey,1346,4
125,Esperance de Tunis,Tunisia,1594,43
2263,Espoir,Niger,1241,37
1811,ESPOLI,Ecuador,1270,9
158,Esteghlal,Iran,1565,43
2600,Esteghlal Ahvaz,Iran,1208,16
1561,Esteghlal Khuzestan FC,Iran,1290,26
632,Estoril,Portugal,1406,209
2611,Estudiantes de Caracas,Venezuela,1206,16
127,Estudiantes de la Plata (ARG),Argentina,1593,115
1639,Estudiantes de Mérida,Venezuela,1285,12
1322,Estudiantes Tecos,Mexico,1311,7
1318,Etar,Bulgaria,1312,82
1460,Ethnikos Achnas,Cyprus,1299,184
2198,Etoile du Kivu,Congo DR,1244,102
287,Etoile du Sahel,Tunisia,1501,106
1216,Etoile Metlaoui,Tunisia,1324,123
1281,Eupen,Belgium,1317,403
695,Everton CD,Chile,1394,11
201,Everton FC,England,1543,144
484,Evian TG,France,1439,2
484,Evian TG,France,1439,2
849,Excelsior,Netherlands,1366,10
1836,F91 Dudelange,Luxembourg,1268,9
2033,FA Šiauliai,Lithuania,1254,64
2688,Fajardo,Puerto Rico,1187,9
1546,Fajr Sepasi,Iran,1292,327
2602,Falkenbergs FF,Sweden,1206,18
1697,Falkirk,Scotland,1280,1
586,FAR Rabat,Morocco,1415,54
873,Farul Constanța,Romania,1363,566
605,Fatih Karagümrük,Turkey,1411,1
1428,Fauve Azur Elite FC,Cameroon,1301,11
2484,FB Gulbene,Latvia,1222,25
401,FBC Melgar,Peru,1460,125
2444,FC Academia Chisinau,Moldova,1225,20
2128,FC Alashkert,Armenia,1249,32
1517,FC Anzhi Makhachkala,Russia,1294,25
777,FC Arda Kardzhali,Bulgaria,1377,6
1468,FC Arsenal Dzerzhinsk,Belarus,1299,29
1161,FC Arsenal Kiev,Ukraine,1328,4
1120,FC Ashdod,Israel,1333,273
143,FC Basel,Switzerland,1580,2
1143,FC Bravos DO Maquis,Angola,1330,70
429,FC Brest,Belarus,1452,178
1522,FC Carlos Stein,Peru,1294,176
1248,FC Chindia Târgovişte,Romania,1320,113
2719,FC Cincinnati,United States,1176,100
2753,FC Codru Lozova,Moldova,1138,2
989,FC CSKA 1948 Sofia,Bulgaria,1347,450
947,FC Dallas,United States,1353,184
1419,FC Daugava,Latvia,1302,3
753,FC Dinamo Batumi,Georgia,1383,302
1523,FC Dnyapro Mogilev,Belarus,1294,20
1524,FC Dordrecht,Netherlands,1294,24
1708,FC Dunărea Călăraşi,Romania,1279,1
2350,FC Edmonton,Canada,1233,42
671,FC Emmen,Netherlands,1397,65
1236,FC Energetik-BGU Minsk,Belarus,1322,259
492,FC Famalicão,Portugal,1436,86
492,FC Famalicão,Portugal,1436,86
1237,FC Fastav Zlin,Czech Republic,1322,121
2700,FC Floreşti,Moldova,1182,204
2044,FC Gagra,Georgia,1254,53
2082,FC Goa,India,1251,1
293,FC Groningen,Netherlands,1499,52
2669,FC Guria Lanchkhuti,Georgia,1192,12
2346,FC Helsingør,Denmark,1234,41
344,FC Infonet Tallinn,Estonia,1476,3
502,FC Inter Turku (FIN),Finland,1434,9
980,FC Juárez,Mexico,1349,172
2751,FC Jurmala,Latvia,1149,1
1887,FC Kapaz,Azerbaijan,1264,10
2749,FC Kolkheti-1913 Poti,Georgia,1152,1
617,FC Kolos Kovalivka,Ukraine,1408,115
207,FC Krasnodar,Russia,1541,34
2536,FC KTP,Finland,1217,848
2690,FC Kuressaare,Estonia,1186,65
748,FC Lahti,Finland,1384,13
2137,FC Lubumbashi sport,Congo DR,1248,146
1795,FC Luch Minsk,Belarus,1270,6
1438,FC Lviv,Ukraine,1300,95
2322,FC Ma'an,Jordan,1236,146
2163,FC Maktaaral,Kazakhstan,1247,67
2344,FC Masr,Egypt,1234,41
2510,FC Merani Tbilisi,Georgia,1220,23
173,FC Midtjylland,Denmark,1557,8
353,FC Milsami Orhei,Moldova,1474,17
1893,FC Minaj,Ukraine,1264,545
1490,FC Minsk,Belarus,1297,369
2194,FC MK,Congo DR,1244,44
909,FC Nizhny Novgorod,Russia,1357,46
718,FC Orenburg,Russia,1390,20
2177,FC Pasching,Austria,1246,43
760,FC Platinum,Zimbabwe,1381,4
14,FC Porto,Portugal,1831,2
2378,FC Pune City,India,1232,32
1785,FC Rapid Ghidighici,Moldova,1271,2
2195,FC Renaissance du Congo,Denmark,1244,206
581,FC Ruh Brest,Belarus,1416,314
2620,FC Rustavi,Georgia,1203,14
2075,FC Samgurali Tskhaltubo,Georgia,1252,21
2541,FC Samtredia,Georgia,1216,525
2584,FC Saxan,Moldova,1209,17
688,FC Seoul,South Korea,1395,104
57,FC Sheriff,Moldova,1682,18
2702,FC Shukura Kobuleti,Georgia,1181,34
2262,FC Simba,Denmark,1241,76
2606,FC Sioni Bolnisi,Georgia,1206,10
911,FC Skonto Riga,Latvia,1357,6
2574,FC Smorgon,Belarus,1212,196
2265,FC Spicul Chișcăreni,Moldova,1241,38
494,FC St. Gallen 1879,Switzerland,1436,89
494,FC St. Gallen 1879,Switzerland,1436,89
1393,FC Struga Trim-Lum,Nigeria,1303,91
2571,FC Stumbras,Lithuania,1212,17
1900,FC Telavi,Georgia,1263,270
495,FC Tokyo,Japan,1435,32
495,FC Tokyo,Japan,1435,32
2745,FC Torpedo Minsk,Belarus,1156,2
818,FC Torpedo Moscow,Russia,1370,14
1610,FC Tsarsko Selo Sofia 2015,Bulgaria,1287,496
1952,FC Tskhinvali,Georgia,1260,16
184,FC Twente,Netherlands,1551,373
1262,FC U Craiova 1948,Romania,1319,177
723,FC Ufa,Russia,1389,30
542,FC Ural,Russia,1425,1
229,FC Utrecht,Netherlands,1531,67
1565,FC Vaduz,Switzerland,1290,65
422,FC Vaslui,Romania,1456,7
850,FC Veris,Moldova,1366,8
625,FC Vizela,Portugal,1407,23
927,FC Voluntari,Romania,1355,467
1927,FC Wacker Innsbruck,Austria,1261,10
1361,FC Zbrojovka Brno,Czech Republic,1307,111
2739,FC Zugdidi,Georgia,1164,3
71,FCI Levadia Tallinn,Estonia,1663,1
1518,Feirense,Portugal,1294,27
134,Fenerbahçe,Turkey,1587,17
680,Fénix,Uruguay,1396,45
166,Ferencváros,Hungary,1562,33
1772,Ferroviário da Beira,Mozambique,1272,1
2335,Ferroviário Do Huambo,Angola,1235,130
937,Feutcheu FC,Cameroon,1353,150
56,Feyenoord,Netherlands,1684,25
1655,FF Jaro,Finland,1284,8
2252,FH Hafnarfjordur,Iceland,1241,39
505,Figueirense,Brazil,1434,8
1649,Finn Harps,Ireland,1284,222
64,Fiorentina,Italy,1671,58
1254,FK AGMK,Uzbekistan,1320,147
390,FK Akhmat Grozny,Russia,1463,12
2051,FK Aksu,Kazakhstan,1253,46
2151,FK Arys,Kazakhstan,1247,157
2275,FK Atlantas,Lithuania,1240,39
2029,FK Auda,Latvia,1254,68
2744,FK Bačka Palanka,Serbia,1158,12
2665,FK Belasica Strumica,Macedonia,1193,22
2013,FK Bokelj,Montenegro,1255,8
2281,FK Borec Veles,Nigeria,1239,599
2296,FK Bregalnica Stip,Macedonia,1238,211
441,FK Desna Chernihiv,Ukraine,1449,110
1902,FK Donji Srem,Serbia,1263,12
2637,FK Drina Zvornik,Bosnia and Herzegovina,1200,14
2236,FK Gorno Lisice,Macedonia,1242,36
1217,FK Gorodeya,Belarus,1324,8
2694,FK Gostivar,Macedonia,1185,7
2546,FK Guliston,Uzbekistan,1216,15
1045,FK Haugesund,Norway,1342,244
1987,FK Horizont Turnovo,Macedonia,1257,16
2495,FK Inđija,Serbia,1221,162
1169,FK Inhulets' Petrove,Ukraine,1328,75
1202,FK Iskra,Montenegro,1325,63
1657,FK Istiqlol Dushanbe,Tajikistan,1284,36
2614,FK Jelgava,Latvia,1205,14
1380,FK Jerv,Norway,1304,59
2001,FK Jezero Plav,Montenegro,1256,61
1858,FK Kaspiy Aktau,Kazakhstan,1267,311
1369,FK Kauno Zalgiris,Lithuania,1305,136
1427,FK Kolubara,Serbia,1301,12
2135,FK Kom Podgorica,Montenegro,1248,43
1942,FK Krupa,Bosnia and Herzegovina,1260,42
2718,FK Leotar,Bosnia and Herzegovina,1176,2
1042,FK Liepājas Metalurgs,Latvia,1342,273
1360,FK Mariupol Illichivets',Ukraine,1307,479
1726,FK Metalac,Serbia,1277,151
2619,Fk Metalurg Skopje,Macedonia,1203,14
2761,FK Metta,Latvia,1090,0
2231,FK Mladost Doboj Kakanj,Bosnia and Herzegovina,1242,49
1022,FK Mladost Lučani,Serbia,1344,112
2110,FK Olympic Tashkent,Uzbekistan,1250,13
2647,FK Palanga,Lithuania,1198,10
1641,FK Panevėžys,Lithuania,1285,335
1055,FK Pardubice,Czech Republic,1340,441
2357,FK Podgorica,Montenegro,1233,191
2475,FK Pohronie,Slovakia,1223,783
1431,FK Proleter Novi Sad,Serbia,1301,128
1044,FK Radnik Surdulica,Serbia,1342,14
30,FK Red Star Belgrade,Serbia,1758,5
916,FK Riteriai,Lithuania,1356,66
478,FK Rostov,Russia,1440,169
478,FK Rostov,Russia,1440,169
1249,FK Rotor Volgograd,Russia,1320,103
391,FK Sarajevo,Bosnia and Herzegovina,1463,50
2028,FK Senica,Slovakia,1254,156
1295,FK Septemvri Sofia,Bulgaria,1315,2
2097,FK Šilas,Lithuania,1250,1
1916,FK Sileks,Macedonia,1262,90
2435,FK Skopje,Macedonia,1226,89
1501,FK Slutsk,Belarus,1296,295
1180,FK Spartak Subotica,Serbia,1327,194
2030,FK Spartaks,Latvia,1254,252
2706,FK Sputnik Rechytsa,Belarus,1180,932
1715,FK Tambov,Russia,1278,126
2721,FK Tauras Taurage,Lithuania,1174,2
2683,FK Teteks,Macedonia,1189,9
1286,FK Tosno,Russia,1316,3
2668,FK Tukums 2000,Latvia,1192,6
2409,FK Turan,Uzbekistan,1229,178
1087,FK Tuzla City,Bosnia and Herzegovina,1337,175
2569,FK Utenis Utena,Lithuania,1213,17
1154,FK Vitebsk,Belarus,1329,162
1848,FK Zemun,Serbia,1267,15
866,FK Zirka Kirovohrad,Ukraine,1365,153
2287,FK Zlatibor Čajetina,Serbia,1238,47
1992,FK Zvijezda 09,Bosnia and Herzegovina,1257,13
1415,FKS Stal Mielec,Poland,1302,262
2182,Flame Lilly,Zimbabwe,1245,44
29,Flamengo,Brazil,1768,6
1922,Flint Town United,Wales,1262,414
41,Flora Tallinn,Estonia,1717,5
87,Fluminense FC,Brazil,1635,25
545,Foolad Khuzestan,Iran,1424,34
2401,Forest Rangers,Zambia,1230,48
2220,Forge FC,Canada,1243,123
174,Fortaleza,Colombia,1556,130
208,Fortuna Düsseldorf,Germany,1541,8
1057,Fortuna Sittard,Netherlands,1340,420
903,Fovu de Baham,Cameroon,1358,27
2748,FOX Villa FC,Nicaragua,1153,1
1514,Fredrikstad,Norway,1295,22
1568,Free State Stars,South Africa,1290,26
52,Freiburg,Germany,1692,40
645,Frosinone,Italy,1404,13
2630,Fuerza Amarilla SC,Ecuador,1202,11
414,Fulham,England,1457,122
663,FUS Rabat,Morocco,1398,69
1157,Future FC,Egypt,1329,282
1981,Gabès,Tunisia,1258,17
2009,Gaborone United,Botswana,1255,6
2575,Gagauziya,Moldova,1212,15
2270,Gahar Zagros,Iran,1240,39
1712,GAIS,Sweden,1278,0
1997,Gaitcha FCN,New Caledonia,1256,8
242,Galatasaray,Turkey,1526,105
1923,Galway United FC,Ireland,1262,11
643,Gamba Osaka,Japan,1404,158
895,Gangwon FC,South Korea,1359,82
1676,Gateway FC,Nigeria,1282,2
1776,Gaz Metan Mediaş,Romania,1272,897
1558,Gaziantepspor,Turkey,1291,27
562,Gazişehir Gaziantep FK,Turkey,1421,93
2246,GD Baixa de Kassanje,Angola,1242,7
1420,Gefle,Sweden,1302,3
1271,Gençlerbirligi,Turkey,1318,45
1150,General Caballero,Paraguay,1330,2
886,General Caballero JLM,Paraguay,1361,69
1855,General Díaz,Paraguay,1267,17
259,Genoa,Italy,1517,110
193,Gent,Belgium,1547,115
2309,Germinal Beerschot,Belgium,1237,1193
112,Getafe,Spain,1605,7
485,GFC Ajaccio,France,1438,1
485,GFC Ajaccio,France,1438,1
2326,GFK Tikvesh,Nigeria,1235,230
2181,Ghazl El Mehalla,Egypt,1245,189
1508,GIF Sundsvall,Sweden,1295,19
2067,Gigira Laitepo,Papua New Guinea,1252,1
262,Gil Vicente FC,Portugal,1517,396
633,Gimcheon Sangmu FC,South Korea,1406,26
246,Gimnasia y Esgrima La Plata,Argentina,1525,84
863,Giresunspor,Turkey,1365,92
205,Girona,Spain,1542,10
994,Giwa FC,Nigeria,1347,2
1532,Glenavon,Northern Ireland,1293,23
945,Glentoran,Northern Ireland,1353,306
2356,Gloria Bistrita,Romania,1233,38
1029,Go Ahead Eagles,Netherlands,1343,905
1496,Go Round,Nigeria,1296,21
333,Godoy Cruz Antonio Tomba,Argentina,1481,144
349,Goiás,Brazil,1475,1
1627,Gokulam Kerala Fc,India,1286,163
621,GOL Gohar Sirjan FC,Iran,1408,372
959,Gold Coast United,Australia,1352,16
1149,Gombe United,Nigeria,1330,154
763,Gomel,Belarus,1381,710
1567,Gorica,Slovenia,1290,33
1882,Gornik Leczna,Poland,1264,245
825,Gornik Zabrze,Poland,1369,92
2477,GOŠK Gabela,Bosnia and Herzegovina,1223,26
917,Gostaresh Foolad,Iran,1356,4
1193,Göztepe AŞ,Turkey,1326,564
2653,Gradina Srebrenik,Bosnia and Herzegovina,1196,14
2167,Gran Valencia FC,Venezuela,1246,102
226,Granada,Spain,1533,150
1710,Granit,Belarus,1279,1
1829,Granit Mikashevichi,Belarus,1268,11
1251,Grasshopper Club Zürich,Switzerland,1320,170
1736,Grbalj Radanovici,Montenegro,1276,4
1450,Green Buffaloes,Zambia,1299,152
1677,Green Eagles,Zambia,1282,647
117,Grêmio,Brazil,1599,54
700,Grêmio Prudente,Brazil,1393,15
660,Grenoble,France,1399,3
2743,Gresik United FC,Indonesia,1159,2
596,Greuther Fürth,Germany,1412,8
1287,Grödig,Austria,1316,2
1890,Grombalia Sports,Tunisia,1264,9
1477,Guabirá,Bolivia,1298,222
290,Guadalajara,Mexico,1501,43
1176,Guadalupe FC,Costa Rica,1327,72
687,Guaireña FC,Paraguay,1395,112
1050,Gualaceo SC,Ecuador,1341,95
1304,Guangzhou City F.C.,China PR,1314,100
296,Guangzhou F.C.,China PR,1498,117
194,Guaraní,Paraguay,1546,59
552,Guarani FC,Brazil,1422,2
712,Guastatoya,Guatemala,1391,266
2640,Guaynabo Fluminense,Puerto Rico,1199,13
587,Guingamp,France,1415,6
1719,Guizhou Hengfeng,China PR,1278,3
599,Gunners,Zimbabwe,1411,4
1186,Gwangju FC,South Korea,1326,27
758,Gyeongnam FC,South Korea,1382,16
1806,Gyirmót SE,Hungary,1270,74
424,Györi ETO,Hungary,1455,7
2241,H&H Export Sébaco FC,Nicaragua,1242,145
2166,Ha Noi TT,Vietnam,1246,44
1222,Hajduk Kula,Serbia,1323,7
248,Hajduk Split,Croatia,1523,129
2686,Hajer FC Al-Hasa,Saudi Arabia,1188,8
1345,Haka,Finland,1308,571
1680,Halcones FC,Guatemala,1281,1
1628,Halmstads BK,Sweden,1286,333
1738,Hamam Sousse,Tunisia,1276,201
1447,Hamarkameratene,Norway,1300,8
215,Hamburger SV,Germany,1539,10
2331,Hamilton Academical,Scotland,1235,45
2500,Hamilton Wanderers Afc,New Zealand,1221,22
318,Hammarby IF,Sweden,1488,60
1503,Hangzhou Greentown,China PR,1296,19
527,Hannover 96,Germany,1429,2
2531,Hapoel Ashkelon,Israel,1217,21
283,Hapoel Be'er Sheva,Israel,1506,115
962,Hapoel Hadera,Israel,1351,55
1059,Hapoel Haifa,Israel,1340,22
2373,Hapoel Ironi Akko,Israel,1232,32
1643,Hapoel Jerusalem,Israel,1285,204
2072,Hapoel Kfar Saba,Israel,1252,97
1889,Hapoel Nof HaGalil,Israel,1264,450
1814,Hapoel Petah Tikva FC,Israel,1269,8
2370,Hapoel Ra'anana,Israel,1232,33
2355,Hapoel Ramat Gan,Israel,1233,38
1665,Hapoel Rishon LeZion,Israel,1283,4
795,Hapoel Tel Aviv,Israel,1375,188
1371,Harare City,Zimbabwe,1305,20
1574,Haras El-Hodood SC,Egypt,1289,23
1920,Harbin Yiteng,China PR,1262,11
2155,Harbour View,Jamaica,1247,134
2302,Hardbody,Zimbabwe,1237,47
1978,Hasaacas,Ghana,1258,16
2248,Haskovo 2009,Bulgaria,1242,37
826,Hassania Agadir,Morocco,1369,111
438,Hatayspor Kulübü,Turkey,1450,21
2680,Hatta,United Arab Emirates,1189,15
1288,Havadar S.C.,Iran,1316,151
2272,Haverfordwest County,Wales,1240,255
1682,Hawke's Bay United,New Zealand,1281,2
2145,Hay Al Arab,Sudan,1248,42
1834,Hay Al Wadi SC,Sudan,1268,9
1328,HB Chelghoum Laïd,Algeria,1311,112
2678,HB Køge,Denmark,1189,11
1190,Heart of Lions,Ghana,1326,8
611,Heart of Midlothian,Scotland,1410,611
1346,Heartland FC,Nigeria,1308,393
801,Hearts of Oak,Ghana,1374,70
1244,Hebei F.C.,China PR,1321,208
1673,Hegelmann Litauen Kaunas,Lithuania,1282,561
821,Hekari United,Papua New Guinea,1370,12
79,Hellas Verona,Italy,1646,105
1383,Helsingborgs IF,Sweden,1304,11
1465,Henan Songshan Longmen F.C.,China PR,1299,266
1849,Henderson Eels,Solomon Islands,1267,15
507,Heracles,Netherlands,1433,57
519,Hércules,Spain,1431,10
2012,Herentals FC,Zimbabwe,1255,85
1722,Herrera FC,Panama,1277,205
285,Hertha BSC,Germany,1504,98
724,Hibernian,Scotland,1389,267
1690,Hienghène Sport,New Caledonia,1281,1
1086,HIFK,Finland,1337,24
572,Highlanders,Zimbabwe,1419,34
1172,Highlands Park,South Africa,1328,2
2100,Highway,Zimbabwe,1250,46
1121,Hilal Al-Obayed,Sudan,1333,1
2304,Hilal El-Fasher,Sudan,1237,47
2663,Hindustan Aero,India,1193,13
2348,Hiré,Ivory Coast,1233,41
1564,Hispano,Honduras,1290,27
220,HJK Helsinki,Finland,1536,45
637,HNK Gorica,Croatia,1405,110
1980,Hobro,Denmark,1258,17
70,Hoffenheim,Germany,1664,10
1637,Hønefoss,Norway,1285,12
616,Honka,Finland,1409,198
869,Honvéd,Hungary,1364,27
1212,Horoya AC,Guinea,1324,80
1658,Houston Dynamo,United States,1283,327
2448,Hoverla Uzhhorod,Ukraine,1225,24
1832,How Mine,Zimbabwe,1268,10
872,Hradec Králové,Czech Republic,1363,542
2403,Hrvatski Dragovoljac,Croatia,1230,512
2210,HŠK Posušje,Bosnia and Herzegovina,1244,114
764,Huachipato,Chile,1381,201
901,Huddersfield Town,England,1358,3
368,Hull City,England,1470,0
1965,Humble Lions,Jamaica,1259,369
225,Huracán,Argentina,1533,239
859,Hwange,Zimbabwe,1365,10
2076,Ibanda Sport,Congo DR,1251,0
1320,Ifeanyi Ubah United,Nigeria,1312,16
608,IFK Göteborg,Sweden,1410,28
1409,IFK Mariehamn,Finland,1302,127
363,IFK Norrköping,Sweden,1471,94
1483,IFK Värnamo,Sweden,1298,44
1730,Ikorodu United,Nigeria,1276,4
2697,Ilukstes NSS,Latvia,1183,9
684,Ilves,Finland,1395,136
974,Imbabura,Ecuador,1350,4
797,Incheon United,South Korea,1375,402
2599,Indeni FC,Zambia,1208,32
126,Independiente,Ecuador,1593,20
218,Independiente,Argentina,1536,51
1103,Independiente de La Chorrera,Panama,1335,14
698,Independiente FBC (Campo Grande),Paraguay,1393,18
2112,Independiente FC,El Salvador,1250,42
328,Independiente Medellín,Colombia,1483,57
709,Independiente Petrolero,Bolivia,1391,603
1583,Indios,Mexico,1289,24
228,Ingolstadt,Germany,1532,6
2723,Institute FC,Northern Ireland,1174,2
1989,Inter Allies FC,Ghana,1257,128
1845,Inter Miami CF,United States,1268,641
8,Inter Milan,Italy,1897,4
2247,Interblock,Slovenia,1242,37
730,Interclube de Angola,Angola,1388,30
122,Internacional,Brazil,1596,69
1629,Internaţional Curtea de Argeş,Romania,1286,11
1160,Inverness CT,Scotland,1329,4
920,Ionikos,Greece,1355,35
843,Iraklis,Greece,1367,12
906,Ironi Kiryat Schmona,Israel,1358,133
1714,Ironi Ramat HaSharon,Israel,1278,0
844,Irtysh Pavlodar,Kazakhstan,1367,10
1510,Isidro Metapán,El Salvador,1295,282
470,Iskra-Stal,Moldova,1441,2
470,Iskra-Stal,Moldova,1441,2
1015,Isloch,Belarus,1345,220
1072,Ismaily SC,Egypt,1339,6
1625,Issia Wazi,Ivory Coast,1286,14
304,İstanbul Başakşehir,Turkey,1495,87
2597,Ittihad Al-Ramtha,Jordan,1208,17
1198,Ittihad El-Shorta,Egypt,1326,10
1152,Ittihad Tanger,Morocco,1329,213
2015,Ittihad Zemouri de Khemisset,Morocco,1255,7
1204,Iztapa,Guatemala,1325,104
2092,J.S. Groupe Bazano,Denmark,1250,270
411,Jablonec,Czech Republic,1458,231
939,Jagiellonia Białystok,Poland,1353,164
1580,Jagodina,Serbia,1289,24
905,Jaguares Chiapas,Mexico,1358,5
1439,Jalapa,Guatemala,1300,2
2466,Jangorzo,Niger,1224,24
1611,Javor,Serbia,1287,44
2535,Jazeerat Al Feel,Sudan,1217,20
1760,JC Abidjan,Ivory Coast,1273,2
2158,JCT FC,India,1247,39
839,Jeanne d'Arc de Bamako,Mali,1367,11
2667,Jedinstvo BP,Montenegro,1192,13
1976,JEF United,Japan,1258,18
566,Jeju United,South Korea,1420,98
123,Jeonbuk FC,South Korea,1596,49
1554,Jeonnam Dragons,South Korea,1291,27
2380,Jeunesse Sportive de Kinshasa,Congo DR,1232,145
1234,Jeunesse Sportive Soualem,Morocco,1322,205
335,Jiangsu Suning FC,China PR,1481,5
1536,Jigawa Golden Stars,Nigeria,1292,151
2437,JL Chiangmai United FC,Thailand,1226,341
2140,Jocoro FC,El Salvador,1248,142
1529,Joe Public,Trinidad and Tobago,1293,28
1451,Joenkoepings Soedra,Sweden,1299,24
2154,Johor Darul Ta'zim FC,Malaysia,1247,144
2472,Johvi FC Lokomotiv,Estonia,1223,26
639,Joinville EC,Brazil,1404,9
2450,Jomo Cosmos,South Africa,1225,24
551,Jorge Wilstermann,Bolivia,1423,86
1521,José Gálvez,Peru,1294,26
514,JS Kabylie,Algeria,1432,9
2684,JS Kairouanaise,Tunisia,1188,47
387,JS Saoura,Algeria,1463,131
2257,JSK Chabab Kasba Tadla,Morocco,1241,39
1068,JSM Béjaïa,Algeria,1339,6
1878,JSM Laâyoune,Morocco,1265,15
2677,JSM Skikda,Algeria,1189,728
1229,Juan Aurich,Peru,1322,2
1061,Júbilo Iwata,Japan,1340,59
238,Junior FC,Colombia,1527,6
1813,JUTH FC,Nigeria,1269,8
1915,Juticalpa,Honduras,1262,12
1478,Juventud de Las Piedras,Uruguay,1298,18
2148,Juventud Escuintleca,Guatemala,1247,42
1432,Juventud Independiente,El Salvador,1301,1
1762,Juventud Retalteca,Guatemala,1273,2
16,Juventus,Italy,1820,4
2588,Juventus Bucureşti,Romania,1209,18
2576,Juventus Managua,Nicaragua,1212,64
2298,Jwaneng Galaxy FC,Botswana,1238,201
2342,Jyvaskyla JK,Finland,1234,42
2086,Kabasha,Congo DR,1251,1
739,Kabuscorp SCP,Angola,1386,148
1958,Kabwe Warriors,Zambia,1260,93
1977,KAC Kénitra,Morocco,1258,17
1333,KACM Marrakech,Morocco,1310,4
1542,Kaduna United FC,Nigeria,1292,29
2216,Kafue Celtic,Zambia,1243,120
216,Kairat Almaty,Kazakhstan,1538,17
1502,Kaisar Kyzylorda,Kazakhstan,1296,163
569,Kaiserslautern,Germany,1419,1
487,Kaizer Chiefs,South Africa,1437,47
487,Kaizer Chiefs,South Africa,1437,47
2553,Kaliakra,Bulgaria,1215,22
932,Kalmar FF,Sweden,1354,396
2093,Kaloum Star,Guinea,1250,0
2394,Kalteng Putra,Indonesia,1230,29
2425,Kalulushi Modern Stars,Zambia,1227,26
2245,Kalyani Bharat FC,India,1242,38
708,Kano Pillars,Nigeria,1392,180
2007,Kansanshi Dynamos,Zambia,1255,90
2363,Kapfenberger SV,Austria,1233,34
2666,Kaposvári Rákóczi,Hungary,1193,13
2501,Karabükspor,Turkey,1221,22
1833,Karela United FC,Ghana,1268,124
1614,Karlovac,Croatia,1287,17
2643,Karmiotissa Pano Polemidion,Cyprus,1199,248
1324,Karpaty Lviv,Ukraine,1311,8
2511,Karvan,Azerbaijan,1219,23
189,Kashima Antlers,Japan,1547,95
672,Kashiwa Reysol,Japan,1397,126
521,Kasımpaşa,Turkey,1431,331
1128,Katsina United,Nigeria,1332,152
747,Kavala,Greece,1384,18
59,Kawasaki Frontale,Japan,1681,8
2570,Kaya F.C.-Iloilo,Peru,1213,474
1255,Kayseri Erciyesspor,Turkey,1319,3
870,Kayserispor,Turkey,1363,195
2251,Kazakhmys,Kazakhstan,1241,39
1884,KCCA FC,Togo,1264,10
1122,Kecskeméti TE,Hungary,1333,1
2324,Kenkre FC,India,1235,228
2243,Kerala Blasters FC,India,1242,35
898,Keşlə Futbol Klubu,Azerbaijan,1359,159
410,KF Shkendija,Macedonia,1458,23
2119,KF Tirana,Albania,1249,42
2330,Kfarsoum,Jordan,1235,44
1058,Khazar Lankaran FK,Azerbaijan,1340,8
1093,Khimki,Russia,1336,158
1910,Khon Kaen United FC,Thailand,1262,187
2407,Khonkaen,Thailand,1229,27
2376,Khorfakkan Club,United Arab Emirates,1232,44
1378,Khroub,Algeria,1304,3
1950,Kiglon,Zimbabwe,1260,15
1219,Kilmarnock,Scotland,1324,26
1860,King Faisal,Ghana,1266,137
677,Kisvárda Master Good,Hungary,1396,371
1691,Kitchee,Hong Kong,1280,635
2596,Kitwe United,Zambia,1208,25
2714,Kiwi,Samoa,1178,3
1471,Kladno,Czech Republic,1298,21
2681,Klaipedos Granitas,Lithuania,1189,9
129,København,Denmark,1590,75
1841,Kokand 1912,Uzbekistan,1268,103
1582,Koloale,Solomon Islands,1289,24
1998,Kongsvinger,Norway,1256,4
2492,Konkola Blades,Zambia,1221,116
2489,Konkola Mine Police,Zambia,1221,25
307,Konyaspor,Turkey,1492,420
585,Koper,Slovenia,1416,119
1305,Korona Kielce,Poland,1313,14
996,Kortrijk,Belgium,1346,102
1183,Košice,Slovakia,1327,4
2564,Kozara Gradiška,Bosnia and Herzegovina,1214,18
1788,KPV,Finland,1271,2
291,KRC Genk,Belgium,1501,39
782,Kristiansund BK,Norway,1377,91
2160,Krumkachy Minsk,Belarus,1247,40
2454,Kruoja Pakruojis,Lithuania,1225,24
541,Krylya Sovetov Samara,Russia,1425,218
930,Kryvbas,Ukraine,1354,9
388,KS Raków Częstochowa,Poland,1463,285
1139,KS Warta Poznań,Poland,1331,13
627,Kuban' Krasnodar,Russia,1406,12
2213,Kukesi,Albania,1243,39
255,KuPS,Finland,1519,107
2142,Kuwait SC,Kuwait,1248,42
395,KV Mechelen,Belgium,1462,93
1151,KV Oostende,Belgium,1330,433
743,Kwara United,Nigeria,1385,181
2066,Kyoto Sanga FC,Japan,1252,253
1844,Kyzylzhar Petropavlovsk,Kazakhstan,1268,147
1601,L.A. Firpo,El Salvador,1287,219
447,La Equidad,Colombia,1447,83
965,LA Galaxy,United States,1351,199
2762,La Horquetta Rangers FC,Trinidad and Tobago,1068,0
2713,La Paz,Bolivia,1178,3
2157,La U Universitarios,Costa Rica,1247,39
2060,Lae City Dwellers,Papua New Guinea,1252,3
2244,Lajong SC,India,1242,35
1488,Lamia,Greece,1297,662
828,Lamontville Golden Arrows,South Africa,1369,38
176,Lanús,Argentina,1556,46
1408,Larisa Ael,Greece,1302,68
1247,Larne FC,Northern Ireland,1320,117
722,Las Palmas,Spain,1389,17
310,LASK Linz,Austria,1491,87
1678,Lausanne,Cameroon,1281,547
1780,Lausanne Sport,Switzerland,1272,0
1397,Lautoka,Fiji,1303,2
36,Lazio,Italy,1745,15
251,LD Alajuelense,Costa Rica,1521,81
182,LDU de Quito,Ecuador,1553,83
1351,LDU Portoviejo,Ecuador,1308,6
631,Le Mans,France,1406,12
352,Lecce,Italy,1475,0
327,Lech Poznań,Poland,1483,159
609,Lechia Gdańsk,Poland,1410,34
162,Leeds United,England,1563,96
105,Leganes,Spain,1612,3
396,Legia Warszawa,Poland,1461,170
1339,Legon Cities FC,Ghana,1309,4
45,Leicester City,England,1705,17
1269,Leixões,Portugal,1318,6
1932,Lengthens,Zimbabwe,1261,12
199,Lens,France,1543,39
160,León,Mexico,1564,31
946,León de Huánuco,Peru,1353,9
1563,Leones FC,Colombia,1290,25
816,Leones Negros U. de G.,Mexico,1371,18
1168,Léopards de Dolisié,Congo,1328,4
1812,Levadiakos,Greece,1269,8
233,Levante,Spain,1530,109
300,Levski Sofia,Bulgaria,1496,19
2397,Liaoning Hongyun,China PR,1230,30
116,Libertad,Paraguay,1600,0
1476,Liberty Professionals,Ghana,1298,57
1586,Lierse,Belgium,1288,24
2642,Lietava Jonava,Lithuania,1199,64
922,Liga de Loja,Ecuador,1355,4
1988,Liga Muçulmana,Mozambique,1257,16
2041,Likasi,Congo DR,1254,10
44,Lille,France,1708,22
811,Lillestrøm,Norway,1372,475
2476,Lime Hotspurs,Zambia,1223,25
2077,Limerick,Ireland,1251,0
1656,Limón,Costa Rica,1284,78
2122,Lincoln Red Imps FC,Gibraltar,1249,26
547,Linfield,Northern Ireland,1424,134
1693,Lion Blessé,Cameroon,1280,1
149,Litex Lovech,Bulgaria,1573,5
431,Liverpool,Uruguay,1452,133
2,Liverpool FC,England,2043,12
925,Livingston FC,Scotland,1355,147
1064,Livorno,Italy,1339,5
1959,Llandudno FC,Wales,1259,15
1014,Llanelli,Wales,1345,4
2593,Llaneros de Guanare,Venezuela,1208,17
2094,LLB Académic,Burundi,1250,0
835,Lobi Stars,Nigeria,1368,204
762,Lobos B.U.A.P.,Mexico,1381,11
1208,Lobos UPNFM,Honduras,1325,12
2548,Łódzki KS,Poland,1216,16
1541,Lokeren,Belgium,1292,29
187,Lokomotiv Astana,Kazakhstan,1548,5
1804,Lokomotiv Gorna Oryahovitsa,Bulgaria,1270,6
1644,Lokomotiv Mezdra,Bulgaria,1285,7
196,Lokomotiv Moskva,Russia,1544,96
409,Lokomotiv Plovdiv,Bulgaria,1458,76
598,Lokomotiv Tashkent,Uzbekistan,1412,68
772,Lokomotiva,Croatia,1379,57
1750,Lokomotivi Tbilisi,Georgia,1274,105
2741,Longford Town,Ireland,1161,142
2567,Lootus,Estonia,1213,17
382,Lorient,France,1466,3
435,Los Angeles FC,United States,1451,79
2374,Lovćen,Montenegro,1232,32
1543,LPTA Tozeur,Tunisia,1292,29
1403,Lučko,Croatia,1303,0
490,Lugano,Switzerland,1437,27
490,Lugano,Switzerland,1437,27
2399,Lumwana Radiants,Zambia,1230,142
2661,Lupe ole Soaga,Samoa,1193,13
2323,Lusaka Dynamos,Zambia,1235,161
842,Luzern,Switzerland,1367,242
2305,Lyn,Norway,1237,47
2229,Lyngby,Denmark,1242,237
47,Lyon,France,1699,16
2259,Lys Sassandra,Ivory Coast,1241,63
2627,Lyubimets,Bulgaria,1203,11
1109,Ma Pau,Trinidad and Tobago,1334,4
2639,Maardu Linnameeskond,Estonia,1199,13
488,Macará,Ecuador,1437,172
488,Macará,Ecuador,1437,172
1758,Macarthur FC,Australia,1273,212
2385,Maccabi Ahi Nazareth,Israel,1231,32
138,Maccabi Haifa FC,Israel,1584,68
699,Maccabi Netanya,Israel,1393,274
1285,Maccabi Petah Tikva,Israel,1316,383
111,Maccabi Tel Aviv,Israel,1606,21
2512,Machine Sazi FC,Iran,1219,211
2736,Mačva Šabac,Serbia,1166,1
2508,Madang,Papua New Guinea,1220,22
1329,Madura United,Indonesia,1311,82
804,Maghreb Fès,Morocco,1374,195
623,Mahindra United,India,1408,12
76,Mainz,Germany,1654,17
1687,Makedonija Gjorče Petrov,Macedonia,1281,287
451,Málaga,Spain,1446,1
451,Málaga,Spain,1446,1
2320,Malampa Revivors FC,Vanuatu,1236,48
1205,Malavan,Iran,1325,12
2336,Malekesa,Congo DR,1234,44
324,Mallorca,Spain,1485,130
161,Malmö FF,Sweden,1564,41
90,Mamelodi Sundowns FC,South Africa,1630,71
1547,Managua FC,Nicaragua,1292,192
3,Manchester City,England,2010,1
24,Manchester United,England,1784,19
1850,Manica Diamonds,Zimbabwe,1267,247
1272,Maniema Union,Congo DR,1318,384
1275,Manisaspor,Turkey,1318,4
2288,Mansheyat Bani Hasan,Jordan,1238,44
1053,Manta,Ecuador,1340,55
2418,Manu Ura,Tahiti,1228,24
830,Marathón,Honduras,1369,119
2087,Marek Dupnitsa,Bulgaria,1251,1
210,Maribor,Slovenia,1540,18
2214,Marist,Solomon Islands,1243,40
1401,Maritzburg United,South Africa,1303,203
53,Marseille,France,1687,45
1347,Marumo Gallants FC,South Africa,1308,340
2183,Mash'al Muborak,Uzbekistan,1245,225
977,Masvingo United,Zimbabwe,1350,2
2382,Matiti Mabe,Congo DR,1231,31
1700,Matsumoto Yamaga,Japan,1280,0
1348,Mattersburg,Austria,1308,7
2279,Maverly Hughenden FC,Jamaica,1240,41
2646,Mayagüez,Puerto Rico,1198,10
810,Mazatlán FC,Mexico,1373,65
2217,Mbabane Swallows,Sudan,1243,39
544,MC Alger,Algeria,1424,63
979,MC El Eulma,Algeria,1349,0
879,MC Oran,Algeria,1362,202
991,MCO Oujda,Morocco,1347,46
915,Medeama SC,Ghana,1356,88
1886,Medimurje,Croatia,1264,10
691,Melbourne City FC,Australia,1394,126
1389,Melbourne Victory,Australia,1304,27
921,Melipilla,Chile,1355,103
2727,Merani Martvili,Georgia,1172,2
2365,Merikh Kosti,Sudan,1233,34
1424,Merreikh El-Fasher,Sudan,1301,2
2056,Merreikh Nyala,Sudan,1253,6
1787,Mersin İdmanyurdu,Turkey,1271,2
985,Mes Kerman,Iran,1348,0
952,Mes Rafsanjan,Iran,1352,289
2299,Meshki Pooshan Football Club,Iran,1238,45
1189,Metalist 1925 Kharkiv,Ukraine,1326,234
501,Metalist Kharkiv,Ukraine,1434,6
2133,Metalleghe BSI,Bosnia and Herzegovina,1248,40
1737,Metallurg Bekobod,Uzbekistan,1276,305
510,Metalurh Donetsk,Ukraine,1432,9
2757,Metalurh Zaporizhya,Ukraine,1130,2
1436,Metropolitanos FC,Venezuela,1301,717
555,Metz,France,1422,284
1006,Mezőkövesd-Zsóry,Hungary,1345,83
1549,MFK Karviná,Czech Republic,1291,288
1645,MFK Tatran Liptovský Mikuláš,Slovakia,1285,206
1250,MFM FC,Nigeria,1320,107
1636,Mictlán,Guatemala,1285,12
465,Middlesbrough,England,1443,4
465,Middlesbrough,England,1443,4
1720,Miedź Legnica,Poland,1277,4
2083,Mighty Jets,Ghana,1251,1
133,Millonarios,Colombia,1587,58
1132,Mineros de Guayana,Venezuela,1331,255
779,Minnesota United,United States,1377,97
1407,Minyor Pernik,Bulgaria,1302,1
2109,Miramar Misiones,Uruguay,1250,42
1292,Misr El Makasa,Egypt,1316,532
2150,Mitra Kukar,Indonesia,1247,42
759,Mjällby AIF,Sweden,1382,270
2208,Mjøndalen IF,Norway,1244,34
590,Mladá Boleslav,Czech Republic,1414,130
2021,Mladi Radnik,Serbia,1255,5
2698,Mladost CD,Macedonia,1183,9
2457,Mladost Velika,Bosnia and Herzegovina,1224,24
1504,MO Béjaia,Algeria,1296,20
1098,Moghreb Tétouan,Morocco,1336,94
2038,Mogren,Montenegro,1254,10
1852,Mohammedan SC,India,1267,180
574,Mohun Bagan,India,1417,1
2573,MOIK,Azerbaijan,1212,16
338,MOL Fehérvár FC,Hungary,1480,110
146,Molde FK,Norway,1577,21
1713,Molinos El Pirata FC,Peru,1278,0
2147,Molunge,Congo DR,1247,42
2515,Molynes United FC,Jamaica,1219,176
60,Monaco,France,1680,22
1307,Monagas SC,Venezuela,1313,320
1299,Monaghan United,Ireland,1315,8
315,Monarcas Morelia,Mexico,1488,8
936,Monomatapa United,Zimbabwe,1353,3
1337,Mons,Belgium,1310,7
2239,Mont Bleu,Denmark,1242,36
2549,Mont-Dore,New Caledonia,1215,19
2478,Montana,Bulgaria,1223,87
2367,Montedio Yamagata,Japan,1232,34
2381,Montego Bay United,Jamaica,1231,341
128,Monterrey,Mexico,1592,36
479,Montevideo Wanderers,Uruguay,1439,361
479,Montevideo Wanderers,Uruguay,1439,361
188,Montpellier,France,1548,35
2254,Moossou FC,Ivory Coast,1241,39
1065,Mordovia Saransk,Russia,1339,5
752,Moreirense,Portugal,1384,360
2715,Mornar,Montenegro,1178,26
2416,Morobe Wawens,Papua New Guinea,1229,23
1334,Moroka Swallows,South Africa,1310,352
580,Moskva,Russia,1416,4
413,Motagua,Honduras,1458,165
516,Motema Pembe,Congo DR,1431,38
1123,Motherwell,Scotland,1332,113
689,Motor Action,Zimbabwe,1394,19
1315,Mount Pleasant FC,Jamaica,1312,155
882,Mouscron-Péruwelz,Belgium,1361,13
577,MP Antalyaspor,Turkey,1416,137
2199,MSP Batna,Algeria,1244,41
1385,MTK Budapest,Hungary,1304,434
2610,Muaither SC,Qatar,1206,16
452,Muangthong United,Thailand,1445,2
452,Muangthong United,Thailand,1445,2
1895,Mufulira Wanderers,Zambia,1264,12
1782,Muğan,Azerbaijan,1271,0
2280,Mumbai City FC,India,1240,41
2018,Mumbai FC,India,1255,5
2019,Municipal Limeño,El Salvador,1255,591
591,Mura 05,Slovenia,1414,54
727,Mushuc Runa SC,Ecuador,1388,138
2233,Muungano,Congo DR,1242,33
1141,MyPa,Finland,1330,2
1499,MZKS Arka Gdynia,Poland,1296,20
1588,NA Hussein Dey,Algeria,1288,119
1475,NAC Breda,Netherlands,1298,19
240,Nacional,Uruguay,1526,27
1847,Nacional,Portugal,1268,139
642,Nacional Asunción,Paraguay,1404,329
2405,Nacional de Benguela,Angola,1230,27
757,Nacional Potosí,Bolivia,1382,123
2594,Nadi,Fiji,1208,17
1914,Naft Masjed Soleyman FC,Iran,1262,574
931,Naft Tehran,Iran,1354,9
2008,Nafta,Slovenia,1255,7
2542,Naftan Novopolotsk,Belarus,1216,17
376,Nagoya Grampus Eight,Japan,1467,63
1960,Najran SC,Saudi Arabia,1259,14
2497,Nakambala Leopards,Zambia,1221,22
2284,Nakhon Pathom,Thailand,1239,43
1576,Nakhon Ratchasima FC,Thailand,1289,13
1862,Nalkutan FC,Vanuatu,1266,14
482,Nancy,France,1439,2
482,Nancy,France,1439,2
132,Nantes,France,1588,205
1060,Napredak,Serbia,1340,70
2675,Napredok,Macedonia,1190,12
2369,NAPSA Stars FC,Zambia,1232,181
1012,Narva Trans,Estonia,1345,154
460,Nasaf Qarshi,Uzbekistan,1444,14
460,Nasaf Qarshi,Uzbekistan,1444,14
775,Nasarawa United,Nigeria,1378,115
563,Nashville SC,United States,1421,292
1026,Nassaji Mazandaran,Iran,1344,163
2689,National Assembly,Zambia,1186,9
1165,National Bank,Egypt,1328,470
1302,Náutico,Brazil,1314,9
1090,Naval 1º de Maio,Portugal,1337,4
1572,Navbahor Namangan,Uzbekistan,1290,212
1220,NC Magra,Algeria,1324,722
1875,Nchanga Rangers,Zambia,1265,15
2347,ND Triglav,Slovenia,1233,41
2377,Ndjadi,Congo DR,1232,32
2266,Ndoki ya Ndombe,Congo DR,1241,38
1063,Nea Salamis,Cyprus,1339,3
288,Neath Athletic,Wales,1501,3
610,NEC Nijmegen,Netherlands,1410,164
534,Necaxa,Mexico,1427,53
1526,Necaxa,Honduras,1293,25
2354,Neftchi,Uzbekistan,1233,11
351,Neftçi,Azerbaijan,1475,22
1990,Neftochimic Burgas 1962,Bulgaria,1257,12
858,Nejmeh SC,Lebanon,1366,12
767,Neman Grodno,Belarus,1380,90
2111,Nembe City FC,Nigeria,1250,41
1368,Neuchâtel Xamax,Switzerland,1305,6
2729,Nevėžis Kėdainiai,Lithuania,1171,288
1405,New Edubiase FC,Ghana,1302,0
467,New England Revolution,United States,1442,348
467,New England Revolution,United States,1442,348
1043,New Soger,Congo DR,1342,7
1769,New Star de Douala,Cameroon,1272,460
420,New York City FC,United States,1456,63
592,New York Red Bulls,United States,1413,116
96,Newcastle United,England,1623,35
1793,Newcastle United Jets,Australia,1271,52
347,Newell's Old Boys,Argentina,1476,129
2682,Newry City AFC,Northern Ireland,1189,9
910,Newtown,Wales,1357,123
1925,Ngezi Platinum FC,Zimbabwe,1261,172
83,Nice,France,1637,119
1935,NIGELEC,Niger,1261,11
1197,Niger Tornadoes,Nigeria,1326,66
2735,Niki Volou,Greece,1166,3
445,Nîmes Olympique,France,1447,60
2704,Nistru,Moldova,1181,7
2428,Nitra,Slovakia,1227,343
1774,Njala Quan,Cameroon,1272,2
1962,Njube Sundowns,Zimbabwe,1259,14
667,NK Bravo,Slovenia,1398,99
640,NK Celje,Slovenia,1404,22
2292,NK Istra 1961,Croatia,1238,155
1597,NK Krka,Slovenia,1288,21
2274,NK Krsko,Slovenia,1240,38
2447,NK Rudeš,Croatia,1225,24
1088,NK Tabor Sežana,Slovenia,1337,229
2321,NK Varaždin,Croatia,1236,48
1880,NK Zadar,Croatia,1265,10
2250,NK Zagreb,Croatia,1241,37
2529,NK Zvijezda Gradacac,Bosnia and Herzegovina,1218,21
1556,Nkana FC,Zambia,1291,323
2384,Nkoy,Congo DR,1231,31
2027,Nkoyi Bilombe,Denmark,1254,4
2010,Nkwazi,Zambia,1255,4
2673,Noah Jūrmala,Latvia,1190,403
1851,Nogoom FC,Egypt,1267,16
144,Nomme JK Kalju,Estonia,1579,27
1740,Nong Bua Pitchaya FC,Thailand,1276,358
2102,Nord Sport,Denmark,1250,45
958,Nordsjælland,Denmark,1352,342
2130,North Eastern Re Organising Cultural Association,India,1248,138
2526,North Queensland Fury,Australia,1218,22
2258,Northeast United FC,India,1241,39
682,Norwich City,England,1395,222
419,Novara,Italy,1456,7
1835,Novi Pazar,Serbia,1268,208
638,NŠ Mura,Slovenia,1405,11
553,Ñublense,Chile,1422,377
446,Nueva Chicago,Argentina,1447,2
525,Nueve de Octubre,Ecuador,1429,402
710,Nürnberg,Germany,1391,18
1883,Nyíregyháza Spartacus,Hungary,1264,10
675,O'Higgins,Chile,1396,182
2737,Obod,Uzbekistan,1165,2
1591,Obolon',Ukraine,1288,22
1702,Ocean Boys FC,Nigeria,1280,1
1999,Ocean Pacifique,Denmark,1256,4
1253,OCK Khouribga,Morocco,1320,127
891,Odds Ballklubb,Norway,1359,163
1023,Odense Boldklub,Denmark,1344,98
1823,Odra Wodzisław,Poland,1269,8
1808,Oestersunds FK,Sweden,1270,892
2469,Office Niger Sports,Mali,1223,25
814,OFI Crete,Greece,1372,610
1754,OFK Beograd,Serbia,1274,3
1435,OFK Titograd,Montenegro,1301,77
1416,OFTA FC,Cameroon,1302,23
2455,Ohod Saudi FC,Saudi Arabia,1224,24
1366,Oita Trinita,Japan,1306,21
2025,Okzhetpes Kokshetau,Kazakhstan,1254,5
493,Oleksandriya,Ukraine,1436,35
493,Oleksandriya,Ukraine,1436,35
1158,Olhanense,Portugal,1329,3
202,Olimpia,Honduras,1543,31
292,Olimpia,Paraguay,1500,173
329,Olimpija Ljubljana,Slovenia,1482,115
1386,Olimpik Donetsk,Ukraine,1304,206
2352,Olimpik Sarajevo,Bosnia and Herzegovina,1233,103
992,Olimpo,Argentina,1347,3
43,Olympiakos,Greece,1711,4
1134,Olympiakos Nicosia,Cyprus,1331,49
416,Olympiakos Volos,Greece,1457,9
2095,Olympic Club,Congo DR,1250,0
1257,Olympic Club de Safi,Morocco,1319,206
1515,Olympic El Qanah FC,Egypt,1295,23
1918,Olympic Niamey,Niger,1262,12
1422,Olympique Béja,Tunisia,1301,116
571,Olympique de Bamako,Mali,1419,1
1616,Olympique de Medea,Algeria,1286,503
2187,Olympique de Missira,Mali,1245,44
1921,Olympique du Kef,Tunisia,1262,11
1110,Omiya Ardija,Japan,1334,2
250,Omonia Nicosia,Cyprus,1521,103
540,Once Caldas,Colombia,1426,70
1660,Once Municipal,El Salvador,1283,152
2081,ONGC FC,India,1251,1
1593,Onze Créateurs,Mali,1288,22
2506,Opava,Czech Republic,1220,90
603,Ordabasy Shymkent,Kazakhstan,1411,91
1206,Orduspor,Turkey,1325,12
1626,Örebro,Sweden,1286,581
853,Orense SC,Ecuador,1366,381
1696,Örgryte,Sweden,1280,1
728,Oriente Petrolero,Bolivia,1388,310
2516,Orión,Costa Rica,1218,24
973,Orlando City,United States,1350,91
428,Orlando Pirates,South Africa,1453,71
94,Osasuna,Spain,1625,8
171,Osijek,Croatia,1558,27
809,Osmanlıspor FK,Turkey,1373,23
1590,Öster,Sweden,1288,22
1127,Oţelul Galaţi,Romania,1332,0
1705,Othellos Athienou FC,Cyprus,1279,1
884,Oud-Heverlee Leuven,Belgium,1361,2
2269,Ouragahio,Ivory Coast,1240,38
2218,PA Sambizanga,Angola,1243,165
1452,Pacífico,Peru,1299,25
442,Paços de Ferreira,Portugal,1448,62
1293,Padideh F.C.,Iran,1316,549
1956,PAEEK,Cyprus,1260,517
2716,Paernu Linnameeskond,Estonia,1177,2
497,Pafos FC,Cyprus,1434,210
497,Pafos FC,Cyprus,1434,210
377,Paide Linnameeskond,Estonia,1467,65
219,Pakhtakor Tashkent,Uzbekistan,1536,11
664,Paksi SE,Hungary,1398,20
670,Palermo,Italy,1397,7
701,Palestino,Chile,1393,170
26,Palmeiras,Brazil,1775,24
239,Panathinaikos,Greece,1526,36
820,Pandurii Târgu Jiu,Romania,1370,13
1335,Panetolikos,Greece,1310,51
1196,Panionios,Greece,1326,10
1689,Panserraikos,Greece,1281,1
1375,Panthère,Cameroon,1305,251
2050,Panthrakikos Komotini,Greece,1253,6
84,PAOK FC,Greece,1637,7
2631,Pápa,Hungary,1202,11
2170,Papua New Guinea U20,Papua New Guinea,1246,45
713,Paradou AC,Algeria,1391,9
789,Paraná Clube,Brazil,1376,20
12,Paris Saint-Germain,France,1841,5
744,Parma Calcio 1913,Italy,1385,173
2750,Pärnu JK Vaprus,Estonia,1152,38
1919,Parrillas One,Honduras,1262,11
1214,Pars Jonoubi Jam,Iran,1324,9
1746,Partick Thistle,Scotland,1275,4
66,Partizan Beograd,Serbia,1668,18
2264,Partizan Minsk,Belarus,1241,38
2065,Partizani Tirana,Albania,1252,0
697,PAS Giannina,Greece,1393,294
1589,Pas Hamedan,Iran,1288,22
2419,Pasaquina F.C.,El Salvador,1228,24
1130,Patriotas Boyacá,Colombia,1331,81
476,Patronato de Parana,Argentina,1440,48
476,Patronato de Parana,Argentina,1440,48
1481,Pattaya United,Thailand,1298,18
948,Paykan F.C.,Iran,1353,220
998,PEC Zwolle,Netherlands,1346,506
1225,Pécsi MFC,Hungary,1323,7
2616,Pelister,Macedonia,1204,257
2149,Pelita Bandung Raya,Indonesia,1247,42
1479,Penafiel,Portugal,1298,18
168,Peñarol,Uruguay,1561,23
1642,Penybont FC,Wales,1285,128
1117,Pérez Zeledón,Costa Rica,1333,23
1146,Persebaya Surabaya,Indonesia,1330,404
2480,Persela Lamongan,Indonesia,1222,563
2055,Persema Malang,Indonesia,1253,7
106,Persepolis,Iran,1611,5
2311,Perseru Badak Lampung,Indonesia,1237,47
755,Persib Bandung,Indonesia,1383,177
1888,Persiba Balikpapan,Indonesia,1264,10
1399,Persidafon,Indonesia,1303,3
888,Persija Jakarta,Indonesia,1360,112
2200,Persijap Jepara,Indonesia,1244,41
2190,Persik Kediri,Indonesia,1245,90
2085,Persikabo 1973 (INA),Indonesia,1251,208
786,Persipura Jayapura,Indonesia,1376,148
2654,Persiraja Aceh,Indonesia,1195,631
2107,Persiram Raja Ampat,Indonesia,1250,42
2173,Persita Tangerang,Indonesia,1246,2
2433,Persitara Jakarta,Indonesia,1226,26
1790,Persiwa Wamena,Indonesia,1271,3
1411,Perth Glory,Australia,1302,199
1454,Pescara,Italy,1299,27
2179,Petro Souths,Papua New Guinea,1245,44
1298,Petrojet,Egypt,1315,2
1166,Petrolul Ploieşti,Romania,1328,5
1827,Petrovac,Montenegro,1268,169
1972,Petržalka,Slovakia,1259,17
153,PFC CSKA Sofia,Bulgaria,1569,14
651,PFC Lokomotiv Sofia 1929,Bulgaria,1400,232
100,PFC Ludogorets 1945 Razgrad,Bulgaria,1620,27
234,PFC Sochi,Russia,1530,90
1317,Pharco FC,Egypt,1312,122
439,Philadelphia Union,United States,1449,35
537,Piast Gliwice,Poland,1426,71
1974,Pirae,Syria,1259,142
1213,Pirin Blagoevgrad,Bulgaria,1324,198
2426,Pirin Gotse Delchev,Bulgaria,1227,26
2390,PK-35 Vantaa,Finland,1231,31
2159,Platanias,Greece,1247,39
454,Plateau United,Nigeria,1445,95
454,Plateau United,Nigeria,1445,95
2353,Platense,Honduras,1233,809
1264,Platinum Stars,South Africa,1319,6
421,Plaza Colonia,Uruguay,1456,180
2699,Pobeda,Macedonia,1183,9
1874,Podbeskidzie Bielsko-Biala,Poland,1265,74
1853,Podbrezová,Slovakia,1267,16
359,Pogoń Szczecin,Poland,1472,182
342,Pohang Steelers,South Korea,1477,31
2215,Point Fortin FC,Trinidad and Tobago,1243,40
2717,Police,Trinidad and Tobago,1177,2
2488,Police FC,Niger,1222,25
1520,Police Tero FC,Thailand,1294,85
1982,Police United FC,Thailand,1258,17
1752,Politehnica Iaşi,Romania,1274,3
1511,Polokwane City,South Africa,1295,19
1667,Polonia Bytom,Poland,1283,4
720,Polonia Warszawa,Poland,1390,18
434,Ponte Preta,Brazil,1451,2
2481,Porcelana FC,Angola,1222,25
705,Port F.C.,Thailand,1392,10
942,Port Talbot,Wales,1353,8
2660,Portadown FC,Northern Ireland,1193,193
2446,Porthmadog,Wales,1225,23
745,Portimonense,Portugal,1385,203
575,Portland Timbers,United States,1417,63
1270,Portmore United FC,Jamaica,1318,141
529,Portsmouth,England,1428,0
178,Portuguesa,Brazil,1554,5
1991,Portuguesa FC,Venezuela,1257,547
1135,Power Dynamos,Zambia,1331,124
1717,Prachuap FC,Thailand,1278,21
2319,Prestatyn Town FC,Wales,1236,48
1596,Pretoria University,South Africa,1288,21
1970,Příbram,Czech Republic,1259,105
1857,Primorje,Slovenia,1267,17
1954,Prison Leopards,Zambia,1260,34
1929,Progresso Associação do Sambizanga,Angola,1261,265
1735,Progresso da Lunda Sul,Angola,1276,3
2460,PS Kemi,Finland,1224,25
1775,PSIS,Indonesia,1272,71
1414,PSM Makassar,Indonesia,1302,206
2290,PSMS,Indonesia,1238,46
1908,PSPS Pekanbaru,Indonesia,1263,10
1938,PSS Sleman,Indonesia,1260,73
37,PSV Eindhoven,Netherlands,1745,8
2530,PTT Rayong FC,Thailand,1217,21
2375,Puaikura,Cook Islands,1232,33
1410,Puerto Rico Islanders,Puerto Rico,1302,2
2670,Puerto Rico United,Puerto Rico,1191,13
289,Pumas UNAM,Mexico,1501,27
704,Pune FC,India,1392,17
1794,Punjab Football Club,India,1271,59
1859,Puntarenas FC,Costa Rica,1266,15
1185,Pusamania Borneo FC,Indonesia,1326,99
504,Puskás FC,Hungary,1434,117
862,Pwd Bamenda,Cameroon,1365,191
314,Pyramids FC,Egypt,1489,81
788,Qäbälä,Azerbaijan,1376,0
165,Qarabağ,Azerbaijan,1563,32
1352,Qatar SC,Qatar,1308,80
2544,Qingdao FC,China PR,1216,1074
1566,Qingdao Jonoon,China PR,1290,26
2232,Qizilqum Zarafshon,Uzbekistan,1242,272
443,Queens Park Rangers,England,1448,2
2519,Quelaton,Zimbabwe,1218,24
629,Querétaro,Mexico,1406,77
902,Quilmes,Argentina,1358,4
1640,R.F.C. Seraing,Belgium,1285,684
1635,Rabotnički,Macedonia,1285,52
2550,Racing Beirut,Lebanon,1215,19
121,Racing Club,Argentina,1596,72
1137,Racing Club,Uruguay,1331,4
1444,Racing Club d'Abidjan,Ivory Coast,1300,112
2282,Racing de Casablanca,Morocco,1239,42
742,Racing Santander,Spain,1385,16
2062,Rad Beograd,Serbia,1252,294
1975,Radnički 1923 Kragujevac,Serbia,1259,106
613,Radnički Niš,Serbia,1409,68
1839,Radnik Bijeljina,Bosnia and Herzegovina,1268,257
935,Radomiak Radom,Poland,1354,504
2441,Radomlje,Slovenia,1226,305
1513,Rah Ahan,Iran,1295,21
2583,Raja Beni Mellal,Morocco,1209,17
2024,Rajasthan United,India,1254,74
2676,Rakvere JK Tarvas,Estonia,1190,12
1487,Ramonense PO,Costa Rica,1297,20
1443,Rampla Juniors,Uruguay,1300,26
2165,Ranchers Bees,Nigeria,1246,43
707,Randers FC,Denmark,1392,175
2071,Rangdajied United,India,1252,1
39,Rangers,Scotland,1723,3
1034,Rangers,Chile,1342,9
1648,Ranheim,Norway,1285,6
756,Rapid Bucureşti,Romania,1382,152
274,Rapid Wien,Austria,1510,67
1659,Rapide Club Oued Zem,Morocco,1283,475
1372,Ratchaburi FC,Thailand,1305,359
206,Rayo Vallecano,Spain,1542,43
15,RB Leipzig,Germany,1826,3
1592,RC Arbaâ,Algeria,1288,174
1235,RC Bafoussam,Cameroon,1322,7
2482,RC Kinshasa,Congo DR,1222,423
1585,RC Relizane,Algeria,1288,487
86,RC Strasbourg,France,1635,154
190,RCA Raja Casablanca Athletic,Morocco,1547,77
135,RCD Espanyol,Spain,1586,144
518,Reading,England,1431,10
38,Real Betis,Spain,1733,17
1525,Real Cartagena,Colombia,1294,24
550,Real España,Honduras,1423,269
754,Real Estelí,Nicaragua,1383,45
1699,Real Juventud,Honduras,1280,0
1688,Real Kashmir FC,India,1281,16
4,Real Madrid,Spain,1957,1
2712,Real Madriz,Nicaragua,1179,9
2622,Real Mamoré,Bolivia,1203,14
2605,Real Potosí,Bolivia,1206,235
846,Real Salt Lake,United States,1367,236
1779,Real Santa Cruz,Bolivia,1272,270
40,Real Sociedad,Spain,1719,0
2400,Real Sociedad,Honduras,1230,112
2613,Real Tamale,Ghana,1205,31
1448,Real Tomayapo,Bolivia,1300,131
277,Real Valladolid,Spain,1509,101
367,Real Zaragoza,Spain,1470,0
1020,Recreativo da Caála,Angola,1344,79
676,Recreativo do Libolo,Angola,1396,66
1125,Red Arrows,Zambia,1332,484
85,Red Bull Bragantino SP,Brazil,1636,21
32,Red Bull Salzburg,Austria,1756,15
203,Reims,France,1543,29
1374,Remo Stars,Nigeria,1305,709
1358,Renaissance Club Zemamra,Morocco,1307,171
1461,Renaissance de Ngoumou,Cameroon,1299,107
48,Rennes,France,1698,63
2691,Reno FC,Jamaica,1186,8
1777,Renova,Macedonia,1272,200
1080,Rentistas,Uruguay,1338,208
738,Resistencia Sport Club,Paraguay,1386,217
2461,Revan Baku,Azerbaijan,1224,25
2223,Rewa,Fiji,1243,38
1170,Rhyl,Wales,1328,3
766,Riga FC,Latvia,1381,45
717,Rigas Futbola skola,Latvia,1390,127
231,Rijeka,Croatia,1530,14
1709,Río Abajo,Panama,1279,1
464,Rio Ave,Portugal,1443,39
464,Rio Ave,Portugal,1443,39
1550,Rising Stars,Nigeria,1291,26
31,River Plate,Argentina,1758,12
532,River Plate,Uruguay,1427,37
967,River Plate Ecuador,Ecuador,1351,61
636,River Plate PR,Puerto Rico,1405,11
2459,Rivoli United,Jamaica,1224,25
1241,Rizespor,Turkey,1321,479
896,RKC Waalwijk,Netherlands,1359,335
1721,RNK Split,Croatia,1277,4
2255,Roan United,Zambia,1241,39
986,Roda JC Kerkrade,Netherlands,1348,2
1203,Roeselare,Belgium,1325,11
2427,Rojolu,Congo DR,1227,26
28,Roma,Italy,1772,20
1803,RoPS Rovaniemi,Finland,1270,26
244,Rosario Central,Argentina,1525,11
340,Rosenborg BK,Norway,1478,28
1239,Ross County,Scotland,1321,1039
2316,Roumde Adjia,Cameroon,1236,50
926,Royal AM,South Africa,1355,513
224,Royal Antwerp FC,Belgium,1534,30
1173,Royal Excel Mouscron Péruwelz,Belgium,1328,2
792,Royal Pari,Bolivia,1375,74
1865,Royal Wahingdoh,India,1266,13
579,RSB Berkane,Morocco,1416,72
181,RSC Anderlecht,Belgium,1553,39
364,Rubin Kazan,Russia,1471,54
897,Rubio Ñú,Paraguay,1359,5
1537,Ruch Chorzów,Poland,1292,31
1624,Rudar Pljevlja,Montenegro,1286,279
2561,Rudar Prijedor,Bosnia and Herzegovina,1214,12
2091,Rudar Velenje,Slovenia,1250,0
831,Rukh Vynnyky,Ukraine,1369,140
486,Ružomberok,Slovakia,1438,316
486,Ružomberok,Slovakia,1438,316
1002,Saba Qom,Iran,1345,5
1704,Sabah FK,Azerbaijan,1279,342
2260,Sabana de Mopti,Mali,1241,38
2113,Sabé,Ivory Coast,1250,42
1507,Sable Batié,Cameroon,1295,20
940,Saburtalo,Georgia,1353,29
1784,Sacachispas Chiquimula,Guatemala,1271,25
678,Sagan Tosu,Japan,1396,60
1509,Săgeata Năvodari,Romania,1295,19
867,Sagrada Esperança,Angola,1365,258
2581,Sahab SC,Jordan,1209,22
2034,Sahel,Niger,1254,9
1425,Saïda,Algeria,1301,2
1953,Saint George,Ethiopia,1260,16
2211,Saint-Clément,Congo DR,1243,39
500,Saint-Eloi Lupopo,Congo DR,1434,62
500,Saint-Eloi Lupopo,Congo DR,1434,62
379,Saint-Étienne,France,1467,96
2339,Saint-Luc,Congo DR,1234,42
1259,Saipa FC,Iran,1319,175
2692,Salam Zgharta,Lebanon,1186,7
812,Salgaocar,India,1372,23
170,Sampdoria,Italy,1559,47
838,Samsunspor,Turkey,1367,13
1979,Samut Prakan City,Thailand,1258,155
2603,Samut Songkram,Thailand,1206,18
1429,San Francisco FC,Panama,1301,352
2554,San José,Bolivia,1215,1550
1469,San Jose Earthquakes,United States,1299,153
1899,San Juan FC,Puerto Rico,1263,11
2502,San Juan Jabloteh,Trinidad and Tobago,1220,22
348,San Lorenzo de Almagro,Argentina,1476,129
1391,San Luis,Chile,1304,1
1031,San Luis FC,Mexico,1343,10
1100,San Marcos,Chile,1336,5
473,San Martín de Tucumán,Argentina,1441,1
473,San Martín de Tucumán,Argentina,1441,1
381,San Martín San Juan,Argentina,1466,5
904,San Pedro,Ivory Coast,1358,297
1671,San Simon,Peru,1282,3
840,Sanat Naft Abadan,Iran,1367,18
2590,Sandals South Coast,Jamaica,1209,17
1742,Sandecja Nowy Sącz,Poland,1275,3
1495,Sandefjord Football,Norway,1296,390
2016,Sandnes,Norway,1255,7
499,Sanfrecce Hiroshima,Japan,1434,146
499,Sanfrecce Hiroshima,Japan,1434,146
880,Sanga Balende,Congo DR,1362,146
594,Santa Cruz,Brazil,1412,1
343,Santa Fe,Colombia,1477,118
2040,Santa Gema FC,Panama,1254,10
907,Santa Lucia Cotzumalguapa,Guatemala,1358,368
2451,Santa Rita de Cássia FC,Angola,1225,14
1423,Santa Tecla FC,El Salvador,1301,402
1056,Santiago Morning,Chile,1340,6
1607,Santiago Wanderers,Chile,1287,653
491,Santo André,Brazil,1437,1
491,Santo André,Brazil,1437,1
1356,Santos,South Africa,1308,5
2228,Santos de Angola,Angola,1243,37
1035,Santos de Guápiles,Costa Rica,1342,104
124,Santos FC,Brazil,1596,16
258,Santos Laguna,Mexico,1518,68
93,São Paulo,Brazil,1625,37
2615,Sapovnela,Georgia,1204,14
2061,Saraburi FC,Thailand,1252,2
819,Sarmiento,Argentina,1370,28
1009,Sarpsborg 08,Norway,1345,31
54,Sassuolo,Italy,1686,7
657,Saturn,Russia,1399,5
2313,Saurimo FC,Angola,1236,50
385,SC Bastia,France,1464,1
1019,SC Chabab Mohammédia,Morocco,1344,276
330,SC Dnipro-1,Ukraine,1482,252
731,SC Farense,Portugal,1387,30
669,SC Heerenveen,Netherlands,1397,194
437,SC Paderborn 07,Germany,1451,3
653,Schalke 04,Germany,1400,1
2049,Scorpion FC de Bé,Cameroon,1253,7
1971,SCR Altach,Austria,1259,427
2462,SD Atletico Nacional,Panama,1224,25
180,SD Huesca,Spain,1553,36
294,Seattle Sounders FC,United States,1499,78
683,Seinaejoen JK,Finland,1395,432
1310,sekhukhune united fc,South Africa,1313,129
1820,Sektzia Ness Ziona FC,Israel,1269,9
1313,Semen Padang,Indonesia,1312,11
1024,Seongnam FC,South Korea,1344,162
267,Sepahan,Iran,1514,27
1996,Sepidrood Rasht SC,Iran,1256,10
622,Sepsi OSK,Romania,1408,28
693,Servette,Switzerland,1394,17
1167,Sevastopol,Ukraine,1328,4
22,Sevilla,Spain,1792,12
793,Sevilla FC Puerto Rico,Puerto Rico,1375,21
761,Séwé,Ivory Coast,1381,11
2387,Səbail FK,Azerbaijan,1231,447
1178,Sfîntul Gheorghe,Moldova,1327,144
2659,Shabab AL Ghazieh SC,Lebanon,1194,13
1877,Shabab Al Sahel,Lebanon,1265,19
2209,Shabab Al-Aqaba Club,Jordan,1244,4
1792,Shabab Al-Ordon Club,Jordan,1271,94
2289,Shabab El Bourj SC,Lebanon,1238,85
1384,Shabanie Mine,Zimbabwe,1304,0
1821,Shahin Bushehr FC,Iran,1269,8
1373,Shahrdari Tabriz,Iran,1305,3
42,Shakhtar Donetsk,Ukraine,1714,5
1008,Shakhter Karagandy,Kazakhstan,1345,18
109,Shakhtyor Soligorsk,Belarus,1608,33
139,Shamrock Rovers,Ireland,1584,25
223,Shandong Taishan F.C.,China PR,1534,82
212,Shanghai Port F.C.,China PR,1539,3
791,Shanghai Shenhua,China PR,1376,54
2518,Shanghai Shenxin,China PR,1218,24
650,Sharjah Cultural Club,United Arab Emirates,1401,19
1905,Shark XI,Congo DR,1263,10
1007,Sharks,Nigeria,1345,7
373,Sheffield United FC,England,1468,30
2031,Shelbourne,Ireland,1254,27
1306,Shenzhen FC,China PR,1313,373
1739,Shijiazhuang Ever Bright,China PR,1276,3
1224,Shimizu S-Pulse,Japan,1323,71
987,Shkupi Skopje,Macedonia,1348,517
1570,Shonan Bellmare,Japan,1290,154
1070,Shooting Stars,Nigeria,1339,3
1799,Shooting Stars,Zimbabwe,1270,6
2507,Shortan Guzor,Uzbekistan,1220,22
2442,Siam Navy FC,Thailand,1225,20
2742,Siauliai,Lithuania,1159,2
1679,Šibenik,Croatia,1281,361
1326,Sibir Novosibirsk,Russia,1311,9
426,Siena,Italy,1455,6
2432,Sigui,Mali,1226,26
1445,Silkeborg,Denmark,1300,986
393,Sillamäe Kalev,Estonia,1462,0
964,Simba SC,Tanzania,1351,64
1228,Simurq,Azerbaijan,1323,3
582,Sint-Truiden,Belgium,1416,221
1961,Siófok,Hungary,1259,14
954,Sion,Switzerland,1352,65
1993,Siquinalá FC,Guatemala,1256,13
1118,Sirius,Sweden,1333,11
673,Široki Brijeg,Bosnia and Herzegovina,1397,22
2580,Sisaket FC,Thailand,1210,18
336,Sivasspor,Turkey,1480,54
1192,SK Austria Klagenfurt,Austria,1326,247
2473,SK Babīte,Latvia,1223,26
1153,SK Brann,Norway,1329,333
578,SK Sigma Olomouc,Czech Republic,1416,7
2172,SK Super Nova,Latvia,1246,76
1842,SKA-Khabarovsk,Russia,1268,12
2205,Skalica,Slovakia,1244,41
1650,Skenderbeu,Albania,1284,9
1112,ŠKF Sereď,Slovakia,1334,481
2084,SKN Sankt Pölten,Austria,1251,217
900,Śląsk Wrocław,Poland,1358,147
1211,Slaven,Croatia,1325,74
34,Slavia Prague,Czech Republic,1751,7
607,Slavia Sofia,Bulgaria,1410,133
1284,Slavia-Mozyr,Belarus,1316,513
2421,Slavija Sarajevo,Bosnia and Herzegovina,1228,25
630,Sligo Rovers,Ireland,1406,118
2132,Sliven,Bulgaria,1248,40
1802,Sloboda Tuzla,Bosnia and Herzegovina,1270,47
1062,Sloboda Užice,Serbia,1340,6
183,Slovácko,Czech Republic,1553,97
107,Slovan Bratislava,Slovakia,1610,3
450,Slovan Liberec,Czech Republic,1446,194
2504,Smederevo,Serbia,1220,22
2636,Smolevichy,Belarus,1200,13
457,Smouha SC,Egypt,1444,104
457,Smouha SC,Egypt,1444,104
970,SO Armée,Ivory Coast,1351,22
313,Sochaux,France,1490,7
2088,Social Sol,Honduras,1251,1
2293,Socozaki,Denmark,1238,44
1412,Sofapaka,Kenya,1302,1
1663,Sogakope WAFA,Ghana,1283,23
1771,Sogdiyona Jizzax,Uzbekistan,1272,546
1516,Sogndal,Norway,1294,24
686,Sol de América,Paraguay,1395,96
1944,SOL FC,Ivory Coast,1260,102
1817,Sololá FC,Guatemala,1269,378
2014,Solomon Warriors FC,Solomon Islands,1255,7
1810,SønderjyskE,Denmark,1270,572
2496,Songkhla United FC,Thailand,1221,22
2754,South End,Trinidad and Tobago,1137,3
115,Southampton,England,1602,40
2644,Southern United,New Zealand,1198,11
1101,SPAL 2013,Italy,1336,4
80,Sparta Prague,Czech Republic,1646,33
703,Sparta Rotterdam,Netherlands,1392,131
232,Spartak Moskva,Russia,1530,55
1003,Spartak Myjava,Slovakia,1345,5
1240,Spartak Nal'chik,Russia,1321,3
2063,Spartak Semey,Kazakhstan,1252,2
440,Spartak Trnava,Slovakia,1449,158
2337,Speranţa Crihana,Moldova,1234,128
1028,Sport Áncash,Peru,1343,7
1069,Sport Boys,Peru,1339,10
1557,Sport Boys Warnes,Bolivia,1291,27
1142,Sport Colombia,Paraguay,1330,2
696,Sport Huancayo,Peru,1394,52
1226,Sport Loreto,Peru,1323,6
2521,Sport Lubango e Benfica,Angola,1218,24
281,Sport Recife,Brazil,1507,80
1617,Sport Rosario (Huaraz),Peru,1286,16
1353,Sportif de Chebba,Tunisia,1308,12
20,Sporting,Portugal,1797,13
2360,Sporting Beirut,Lebanon,1233,264
2456,Sporting Central Academy,Jamaica,1224,24
449,Sporting Charleroi,Belgium,1446,50
2635,Sporting Clube de Benguela,Angola,1201,539
1365,Sporting Clube de Goa,India,1306,5
253,Sporting Cristal,Peru,1520,94
2572,Sporting de Cabinda,Angola,1212,6
389,Sporting Fingal,Ireland,1463,0
1091,Sporting Gagnoa,Ivory Coast,1337,83
284,Sporting Gijón,Spain,1504,8
726,Sporting Kansas City,United States,1388,85
1145,Sporting San José FC,Costa Rica,1330,371
1571,Sporting San Miguelito,Panama,1290,134
2224,Sportist Svoge,Bulgaria,1243,38
2295,Sportive de Djerba,Tunisia,1238,43
1107,Sportivo Ameliano,Paraguay,1335,152
928,Sportivo Luqueño,Paraguay,1354,48
1231,Sportivo San Lorenzo,Paraguay,1322,2
1323,Sportivo Trinidense,Paraguay,1311,7
2046,Sportul Studentesc,Romania,1253,10
1951,Sreenidi Deccan,India,1260,146
2052,Sriracha,Thailand,1253,7
1608,Sriwijaya FC,Indonesia,1287,17
10,SSC Napoli,Italy,1872,5
573,St Patrick's,Ireland,1418,18
1825,St. George,Ethiopia,1268,9
1290,St. Johnstone,Scotland,1316,466
1336,St. Mirren,Scotland,1310,120
568,St. Pauli,Germany,1420,2
1357,Stabæk,Norway,1308,503
1683,Stade d'Abidjan,Ivory Coast,1281,2
1164,Stade Gabésien,Tunisia,1328,6
311,Stade Malien Bamako,Mali,1490,7
2543,Stade Malien Sikasso,Mali,1216,17
729,Stade Renard de Melong,Cameroon,1388,132
1171,Stade Tunisien,Tunisia,1328,51
1129,Stal Kamianske,Ukraine,1331,4
2267,Standard,Azerbaijan,1241,38
778,Standard Liège,Belgium,1377,479
2396,Start,Norway,1230,31
204,Steaua Bucureşti,Romania,1542,19
1686,Steel Azin,Iran,1281,2
1267,Stella Club,Ivory Coast,1319,151
1159,Stellenbosch FC,South Africa,1329,202
2162,Stjarnan,Iceland,1247,40
243,Stoke City,England,1526,7
1037,Strømsgodset,Norway,1342,39
334,Sturm Graz,Austria,1481,199
1466,Suchitepéquez,Guatemala,1299,22
1106,Sud América,Uruguay,1335,313
2240,Sudeva Delhi FC,India,1242,149
372,Suduva Marijampole,Lithuania,1468,47
1846,Sukhothai FC,Thailand,1268,15
1540,Sumqayıt,Azerbaijan,1292,250
512,Sunderland,England,1432,8
2118,Sunkar,Kazakhstan,1249,41
913,Sunshine Stars,Nigeria,1357,190
711,Supersport United,South Africa,1391,83
1618,Suphanburi FC,Thailand,1286,83
2479,Surkhon-2011,Uzbekistan,1223,79
448,Sutjeska,Montenegro,1447,76
2117,Suva,Fiji,1249,41
628,Suwon Bluewings,South Korea,1406,206
848,Suwon FC,South Korea,1367,561
1243,SV Ried,Austria,1321,155
1615,SV Roeselare,Belgium,1286,17
2598,Svetkavitsa,Bulgaria,1208,17
264,Swansea City,England,1515,7
498,Sydney FC,Australia,1434,58
498,Sydney FC,Australia,1434,58
2406,Syrianska,Sweden,1229,27
2221,Szolnoki MÁV,Hungary,1243,38
1396,Szombathelyi Haladás,Hungary,1303,1
2503,T&TEC,Trinidad and Tobago,1220,22
1294,Tacuarembó,Uruguay,1316,4
1140,Tacuary,Paraguay,1330,9
2286,Tafea FC,Vanuatu,1239,43
2756,Talinna Kalev,Estonia,1136,3
118,Talleres de Cordoba,Argentina,1599,93
1789,Tallinna JK Legion,Estonia,1271,144
2143,Tamme Auto,Estonia,1248,42
1815,Tammeka,Estonia,1269,262
1325,Tampere United,Finland,1311,8
2551,Tampines Rovers FC,Singapore,1215,455
2509,Tanta,Egypt,1220,22
1551,Taraba,Nigeria,1291,26
1600,Taraz,Kazakhstan,1287,162
1728,Târgu Mureş,Romania,1277,2
2402,Tasman United,New Zealand,1230,27
2696,Tatran Prešov,Slovakia,1183,9
824,Tauro FC,Panama,1369,86
1967,Tavriia,Ukraine,1259,16
297,Team Wellington,New Zealand,1498,2
725,Técnico Universitario,Ecuador,1388,10
1901,Tefana,Tahiti,1263,12
1341,Telephonaat Beni Suef,Egypt,1309,8
1939,Tema Youth,Ghana,1260,14
659,Temperley,Argentina,1399,4
2212,Tempête,Haiti,1243,39
2099,Tenax CS FC,Zimbabwe,1250,0
384,Tenerife,Spain,1465,3
1200,Teplice,Czech Republic,1325,41
2035,Termalica Nieciecza,Poland,1254,188
2020,Teungueth FC,Senegal,1255,5
2410,Thai Honda,Thailand,1229,25
2658,That Ras Club,Jordan,1194,13
77,The New Saints,Wales,1647,6
192,The Strongest,Bolivia,1547,35
854,Thun,Switzerland,1366,6
2096,Tianjin Jinmen Tiger F.C.,China PR,1250,189
1195,Tianjin Tianhai,China PR,1326,10
2203,Tiare Tahiti,Syria,1244,41
2273,Tiburones Rojos de Veracruz,Mexico,1240,38
430,Tigre,Argentina,1452,4
1079,Tigres FC,Colombia,1338,2
81,Tigres UANL,Mexico,1645,4
1001,Tiko United,Cameroon,1346,5
286,Timişoara,Romania,1502,5
432,Tiraspol,Moldova,1452,5
1867,Tivoli Gardens,Jamaica,1266,10
2747,Tobago United,Trinidad and Tobago,1153,1
355,Tobol Kostanay,Kazakhstan,1473,113
2171,Togo-Port,Uganda,1246,45
2206,Tokushima Vortis,Japan,1244,70
147,Tolima,Colombia,1574,49
399,Toluca FC,Mexico,1460,3
2058,Tom' Tomsk,Russia,1252,3
951,Tondela,Portugal,1353,302
2253,Tonnerre Kalara Club,Cameroon,1241,50
666,Topolski Sportski Club,Serbia,1398,33
130,Torino,Italy,1589,18
2734,Tornados de Humacao,Puerto Rico,1166,2
1245,Toronto FC,Canada,1321,637
1602,Torpedo Kutaisi,Georgia,1287,70
665,Torpedo Zhodino,Belarus,1398,212
2607,TOT,Thailand,1206,16
1362,Total Chalaco,Peru,1307,4
23,Tottenham Hotspur,England,1785,6
1390,Toulouse,France,1304,1
2116,Township Rollers,Botswana,1249,41
137,TP Mazembe,Congo DR,1584,17
99,Trabzonspor,Turkey,1620,87
702,Tractor Sazi,Iran,1393,247
2429,Trat FC,Thailand,1227,26
2080,TRAU F.C.,India,1251,212
2560,Travnik,Bosnia and Herzegovina,1214,20
2386,Trelleborgs FF,Sweden,1231,32
1085,Trenčín,Slovakia,1337,121
1227,Triangle FC,Zimbabwe,1323,86
2343,Tripoli AC,Lebanon,1234,149
2411,Tripple B,Zimbabwe,1229,25
1340,Tromsø IL,Norway,1309,66
423,Troyes,France,1455,377
2589,Trujillanos FC,Venezuela,1209,849
1826,TS Galaxy,South Africa,1268,415
2520,Tshinkunku,Congo DR,1218,19
2068,Tsholotsho,Zimbabwe,1252,1
1083,TSV Hartberg,Austria,1337,105
2364,TTM Chiangmai,Thailand,1233,34
2430,Tucanes FC,Venezuela,1227,26
957,Tukoko University,Papua New Guinea,1352,15
2545,Tulevik Viljandi,Estonia,1216,67
2671,Tupapa Maraerenga,Cook Islands,1190,13
2591,Turan Tovuz,Azerbaijan,1209,17
1672,Turku PS,Finland,1282,3
1426,Turnu Severin,Romania,1301,3
549,U.S. Salernitana 1919,Italy,1423,261
2201,Ubon UMT FC,Thailand,1244,41
110,Udinese,Italy,1607,16
2617,UES,El Salvador,1203,13
890,Újpest,Hungary,1360,27
95,Ulsan Hyundai,South Korea,1624,40
1604,Umm-Salal,Qatar,1287,56
656,UMS de Loum,Cameroon,1399,47
2338,UNAN Managua,Nicaragua,1234,418
2192,Underhill,Zimbabwe,1245,44
976,Uniao da Madeira,Portugal,1350,2
1598,União de Leiria,Portugal,1288,21
2138,Uniao Sport Clube do Uige,Angola,1248,42
1182,Uniautónoma FC,Colombia,1327,4
1052,Unión Comercio,Peru,1341,7
2129,Union Deportivo Universitario,Panama,1248,383
1757,Union Douala,Cameroon,1274,99
554,Unión Española,Chile,1422,93
674,Unión La Calera,Chile,1397,251
1092,Unión San Felipe,Chile,1336,5
269,Unión Santa Fe,Argentina,1512,34
750,Union Sportive de Douala,Cameroon,1384,19
230,Union St.Gilloise,Belgium,1531,1023
1968,Unirea Alba Iulia,Romania,1259,16
1300,Unirea Urziceni,Romania,1314,9
847,Unisport FC Du Haut-Nkam,Cameroon,1367,10
2146,United City F.C.,Peru,1248,50
1578,United Petrotrin,Trinidad and Tobago,1289,25
2443,United Sikkim F.C,India,1225,20
1381,United Sports Club,India,1304,2
213,Universidad Católica,Chile,1539,87
227,Universidad Católica,Ecuador,1533,60
1937,Universidad Central de Venezuela FC,Venezuela,1261,293
392,Universidad César Vallejo,Peru,1462,27
768,Universidad Concepción,Chile,1380,14
635,Universidad de Chile,Chile,1405,227
1274,Universidad de San Carlos,Guatemala,1318,4
1949,Universidad San Martín de Porres,Peru,1260,1215
1545,Universitario,Bolivia,1292,158
2562,Universitario de Cobija,Bolivia,1214,19
374,Universitario de Deportes,Peru,1468,136
1538,Universitario de Vinto,Bolivia,1292,99
1280,Universitatea Cluj,Romania,1317,1
1743,Universitatea Craiova,Romania,1275,3
1273,Université Ngaoundéré,Cameroon,1318,5
2730,University College Dublin,Ireland,1169,8
1763,Urana,Niger,1273,2
463,Urawa Red Diamonds,Japan,1443,58
463,Urawa Red Diamonds,Japan,1443,58
2468,Urena SC,Venezuela,1223,25
1266,US Biskra,Algeria,1319,436
1931,US Bitam,Tahiti,1261,12
706,US Monastir,Tunisia,1392,16
2106,US Panda B5,Congo DR,1250,9
1268,US Tataouine,Tunisia,1319,287
1595,Usc Bassam,Ivory Coast,1288,115
1661,USFAS Bamako,Mali,1283,6
2059,USGN,Niger,1252,3
474,USM Alger,Algeria,1441,104
474,USM Alger,Algeria,1441,104
1651,USM Bel Abbès,Algeria,1284,72
1840,USM Blida,Algeria,1268,12
1218,USM El Harrach,Algeria,1324,7
1934,Ústí nad Labem,Czech Republic,1261,11
2078,UWI FC,Jamaica,1251,0
1599,V-Varen Nagasaki,Japan,1288,21
67,Valencia,Spain,1668,27
2349,Valencia de Leogane,Haiti,1233,42
734,Valenciennes,France,1387,18
561,Vålerenga,Norway,1421,25
1703,Valmiera FK,Latvia,1279,546
1175,Vancouver Whitecaps,Canada,1328,194
968,Varbergs BoIS,Sweden,1351,324
990,Vardar Skopje,Macedonia,1347,115
1470,Vasas Budapest,Hungary,1298,20
308,Vasco da Gama,Brazil,1492,6
1594,Vegalta Sendai,Japan,1288,215
1873,Vejle Boldklub,Denmark,1265,230
1364,Velež Mostar,Bosnia and Herzegovina,1306,138
101,Vélez Sarsfield,Argentina,1618,37
1830,Vendsyssel FF,Denmark,1268,11
513,Venezia FC,Italy,1432,225
1392,Ventforet Kofu,Japan,1303,0
1147,Ventspils,Latvia,1330,115
1904,Venus,Syria,1263,10
2144,Veraguas FC,Panama,1248,164
2156,Verdes FC,Belize,1247,39
2624,Vere United FC,Jamaica,1203,8
655,Veres Rivne,Ukraine,1400,39
2731,Vereya,Bulgaria,1169,2
1653,Veria FC,Greece,1284,8
1620,Vestsjælland,Denmark,1286,16
1912,Veti Club,Congo DR,1262,11
175,VfB Stuttgart,Germany,1556,66
1246,Viborg,Denmark,1320,295
2141,Victoria,Honduras,1248,329
2453,Victoria,Zimbabwe,1225,24
1945,Victoria Branesti,Romania,1260,15
2499,Vidima-Rakovski,Bulgaria,1221,22
2002,Viettel Football Club,Vietnam,1256,95
595,Viitorul Constanţa,Romania,1412,31
418,Viking FK,Norway,1457,181
78,Viktoria Plzeň,Czech Republic,1647,19
1569,Viktoria Žižkov,Czech Republic,1290,26
2318,Villa Espanola,Uruguay,1236,926
1343,Villa Teresa,Uruguay,1309,10
18,Villarreal,Spain,1799,2
1609,Virunga,Congo DR,1287,17
515,Vissel Kobe,Japan,1432,102
1388,Vista Hermosa,El Salvador,1304,0
237,Vita Club,Congo DR,1528,21
271,Vitesse,Netherlands,1512,128
2662,Vitez,Bosnia and Herzegovina,1193,13
469,Vitória,Brazil,1442,2
469,Vitória,Brazil,1442,2
361,Vitória Guimarães,Portugal,1471,3
815,Vitória Setúbal,Portugal,1371,21
2709,Vitosha Bistritsa,Bulgaria,1179,5
1753,Voinţa Sibiu,Romania,1274,3
593,Vojvodina,Serbia,1413,183
1831,Volga Nyzhnyi,Russia,1268,11
984,Volos New Football Club,Greece,1348,36
1695,Volyn,Ukraine,1280,1
417,Vorskla Poltava,Ukraine,1457,103
2226,Vostok,Kazakhstan,1243,38
860,Voždovac,Serbia,1365,192
1492,VPS,Finland,1297,1
2474,Vutuka,Congo DR,1223,26
1654,VVV-Venlo,Netherlands,1284,355
1047,Vysočina Jihlava,Czech Republic,1341,7
1033,W Connection FC,Trinidad and Tobago,1342,9
2317,WA Tlemcen,Algeria,1236,779
1745,Waasland-Beveren,Belgium,1275,4
2139,Wad Hashim SC Sennar,Sudan,1248,42
1418,Wadi Degla FC,Egypt,1302,161
2372,WaiBOP United,New Zealand,1232,32
852,Waitakere United,New Zealand,1366,9
2533,Wanderers SC,New Zealand,1217,21
2760,Warrenpoint Town,Northern Ireland,1110,6
1054,Warri Wolves FC,Nigeria,1340,171
2153,Warrior,Estonia,1247,41
2256,Wassaman United,Ghana,1241,39
983,Waterford FC,Ireland,1348,4
1455,Waterford United FC,Ireland,1299,27
995,Waterhouse FC,Jamaica,1346,254
319,Watford,England,1488,162
1404,Wellington Phoenix,Australia,1303,160
2532,Wellington Phoenix Reserves,New Zealand,1217,21
2527,Welshpool Town,Wales,1218,22
299,Werder Bremen,Germany,1496,70
341,West Brom,England,1478,76
33,West Ham United,England,1754,10
1575,Westerlo,Belgium,1289,24
1309,Western Sydney,Australia,1313,92
1698,Western United FC,Solomon Islands,1280,22
2278,Wexford Youths,Ireland,1240,41
2528,WhaWha,Zimbabwe,1218,138
1434,Widzew Łódz,Poland,1301,0
1885,Wiener Neustadt,Austria,1264,10
265,Wigan Athletic,England,1515,6
1114,Wikki Tourist,Nigeria,1333,120
1733,Wiliete SC,Angola,1276,269
1074,Willem II,Netherlands,1338,397
1664,Williamsville Athletic Club,Ivory Coast,1283,4
1319,Wisła Kraków,Poland,1312,218
1076,Wisła Płock,Poland,1338,164
2708,WIT Georgia Tbilisi,Georgia,1180,5
559,Wolfsberger AC,Austria,1421,83
177,Wolfsburg,Germany,1554,151
58,Wolverhampton Wanderers,England,1681,37
1191,WSG Tirol,Austria,1326,63
1917,Wuachon United,Thailand,1262,12
1621,Wuhan F.C.,China PR,1286,96
1301,WWS Rangers,Zimbabwe,1314,9
148,Wydad Casablanca,Morocco,1574,73
1791,Wydad Fès,Morocco,1271,3
892,Xanthi FC,Greece,1359,4
1096,Xelajú,Guatemala,1336,216
2283,Xinabajul,Guatemala,1239,43
2486,Xorazm,Uzbekistan,1222,25
2188,Yadah FC,Zimbabwe,1245,91
2629,Yafoot FC Yaounde 2,Cameroon,1202,217
2006,Yanbian,China PR,1255,6
2524,Yaracuyanos FC,Venezuela,1218,194
1505,Yeni Malatyaspor,Turkey,1296,638
1261,Yenisey Krasnoyarsk,Russia,1319,5
1995,Yobe Desert Stars,Nigeria,1256,12
200,Yokohama F. Marinos,Japan,1543,75
1966,Yokohama FC,Japan,1259,56
2345,Yopougon FC,Ivory Coast,1234,41
2070,Young Africans,Tanzania,1252,1
82,Young Boys,Switzerland,1641,28
2126,Young Green Eagles,Zambia,1249,81
2725,Young Heart Manawatu,New Zealand,1174,2
602,Young Sport Academy Bamenda,Cameroon,1411,194
1321,Youssoufia Berrechid,Morocco,1312,218
1903,Zacapa,Guatemala,1263,10
1115,Zagłębie Lubin,Poland,1333,436
2064,Zagłębie Sosnowiec,Poland,1252,0
1017,Zalaegerszegi TE,Hungary,1344,130
263,Zalgiris Vilnius,Lithuania,1516,14
1909,Zamfara United FC,Nigeria,1263,10
982,Zamora FC,Venezuela,1349,2
865,Zanaco,Zambia,1365,177
2649,Zaprešić,Croatia,1197,11
1136,Zaria Bălți,Moldova,1331,78
1316,Zarzis,Tunisia,1312,81
1116,Zavrč,Slovenia,1333,2
1417,Zawisza Bydgoszcz,Poland,1302,1
649,Željezničar,Bosnia and Herzegovina,1402,130
1694,Zemplin Michalovce,Slovakia,1280,75
55,Zenit St. Petersburg,Russia,1685,9
644,ZESCO United,Zambia,1404,39
2136,Zestafoni,Georgia,1248,43
1497,Zeta,Montenegro,1296,324
1138,Zhetysu Taldykorgan,Kazakhstan,1331,191
567,Žilina,Slovakia,1420,221
2069,Zimbabwe Saints,Zimbabwe,1252,1
1279,Zimbru,Moldova,1317,145
1095,Zirə,Azerbaijan,1336,4
1711,Zlate Moravce,Slovakia,1278,278
1131,Znojmo,Czech Republic,1331,5
960,Zob Ahan Isfahan FC,Iran,1352,73
145,Zorya Luhansk,Ukraine,1579,27
1473,ZPC Kariba,Zimbabwe,1298,53
316,Zrinjski Mostar,Bosnia and Herzegovina,1488,127
1387,Zulia,Venezuela,1304,123
1187,Zulte Waregem,Belgium,1326,423
2389,Zumunta,Niger,1231,30
325,Zürich,Switzerland,1484,424
